Chromosome,Position,major_cn,minor_cn,Ref_count,Alt_count,multiplicity
1,593063,1,1,243,9,1
1,1224746,1,1,17,5,1
1,2895338,1,1,105,30,1
1,4849495,1,1,107,51,1
1,5439736,1,1,112,45,1
1,5859387,1,1,78,43,1
1,6346737,1,1,125,42,1
1,7331988,1,1,147,81,1
1,7869798,1,1,145,63,1
1,8553350,1,1,136,66,1
1,9432513,1,1,111,61,1
1,9600213,1,1,87,51,1
1,11287081,1,1,88,32,1
1,11415617,1,1,103,42,1
1,12420914,1,1,134,49,1
1,12687528,1,1,102,65,1
1,12753967,1,1,125,48,1
1,12807047,1,1,119,51,1
1,13172378,1,1,101,48,1
1,13216108,1,1,128,6,1
1,13475005,1,1,91,18,1
1,15240819,1,1,108,43,1
1,17004183,1,1,75,48,1
1,17201377,1,1,222,16,1
1,18228605,1,1,114,41,1
1,18818987,1,1,101,39,1
1,19117726,1,1,121,11,1
1,19117728,1,1,125,9,1
1,19676328,1,1,102,48,1
1,19812447,1,1,143,22,1
1,20948496,1,1,88,43,1
1,21258145,1,1,108,58,1
1,21790798,1,1,191,10,1
1,21798643,1,1,94,42,1
1,22846721,1,1,83,52,1
1,23021688,1,1,74,41,1
1,29461660,1,1,82,46,1
1,29686413,1,1,180,8,1
1,30355829,1,1,117,20,1
1,30617007,1,1,117,52,1
1,31207223,1,1,99,41,1
1,32681836,1,1,119,26,1
1,33022947,1,1,142,72,1
1,34577611,1,1,140,7,1
1,34641601,1,1,104,21,1
1,35569224,1,1,137,53,1
1,36448938,1,1,112,14,1
1,37668588,1,1,200,9,1
1,37952014,1,1,53,37,1
1,40254116,1,1,138,35,1
1,41078885,1,1,156,25,1
1,41718529,1,1,106,15,1
1,43973672,1,1,95,38,1
1,44946635,1,1,106,41,1
1,45002468,1,1,102,37,1
1,45922235,1,1,130,66,1
1,46643054,1,1,184,13,1
1,48375698,1,1,47,22,1
1,49224855,1,1,115,55,1
1,49648883,1,1,121,53,1
1,49722554,1,1,124,57,1
1,49983573,1,1,121,53,1
1,50084993,1,1,114,62,1
1,50642604,1,1,89,52,1
1,52437686,1,1,100,46,1
1,52562846,1,1,111,65,1
1,53229942,1,1,118,46,1
1,54681197,1,1,75,48,1
1,55807759,1,1,148,52,1
1,56060510,1,1,121,9,1
1,57478711,1,1,133,20,1
1,57746185,1,1,112,32,1
1,60672123,1,1,150,53,1
1,62055267,1,1,114,9,1
1,63173422,1,1,91,43,1
1,63459047,1,1,103,58,1
1,63643128,1,1,98,6,1
1,63715552,1,1,123,66,1
1,64586912,1,1,84,6,1
1,64586914,1,1,85,6,1
1,68952604,1,1,135,8,1
1,69524475,1,1,138,18,1
1,69585452,1,1,110,16,1
1,70223694,1,1,124,28,1
1,71421313,1,1,126,66,1
1,71578075,1,1,104,48,1
1,72213812,1,1,143,32,1
1,72824897,1,1,153,80,1
1,72932708,1,1,106,67,1
1,74020030,1,1,123,53,1
1,74032012,1,1,107,58,1
1,74296029,1,1,88,49,1
1,74913430,1,1,88,5,1
1,74991951,1,1,121,60,1
1,75845966,1,1,88,7,1
1,76666956,1,1,98,54,1
1,77912010,1,1,137,71,1
1,78088295,1,1,133,76,1
1,78873737,1,1,137,29,1
1,79395028,1,1,105,58,1
1,79923471,1,1,96,42,1
1,80137620,1,1,133,61,1
1,82137233,1,1,115,20,1
1,82318915,1,1,118,49,1
1,82617562,1,1,150,27,1
1,82876498,1,1,28,13,1
1,83267745,1,1,118,7,1
1,83416266,1,1,124,62,1
1,83529837,1,1,90,37,1
1,84914739,1,1,88,29,1
1,85542420,1,1,117,41,1
1,85702384,1,1,84,30,1
1,87016752,1,1,135,18,1
1,89808339,1,1,109,51,1
1,90217765,1,1,137,6,1
1,90903016,1,1,167,30,1
1,92272550,1,1,135,58,1
1,92364025,1,1,157,26,1
1,92687672,1,1,111,43,1
1,93105888,1,1,136,51,1
1,94887752,1,1,82,38,1
1,95747938,1,1,157,83,1
1,96798172,1,1,139,64,1
1,99347510,1,1,129,40,1
1,99577090,1,1,164,39,1
1,99755263,1,1,171,63,1
1,100143604,1,1,112,21,1
1,100177253,1,1,114,65,1
1,100880813,1,1,120,60,1
1,101857561,1,1,110,59,1
1,101938531,1,1,90,66,1
1,102835984,1,1,123,18,1
1,103552843,1,1,117,46,1
1,105103099,1,1,92,43,1
1,105146211,1,1,142,54,1
1,105785535,1,1,118,57,1
1,106598431,1,1,97,52,1
1,106893768,1,1,106,50,1
1,107373972,1,1,105,49,1
1,107476336,1,1,115,11,1
1,108344821,1,1,137,62,1
1,108917481,1,1,75,9,1
1,109847828,1,1,152,59,1
1,111589689,1,1,175,11,1
1,111746690,1,1,100,26,1
1,112482790,1,1,82,48,1
1,112689699,1,1,45,11,1
1,112698389,1,1,103,6,1
1,112839708,1,1,123,36,1
1,113235524,1,1,99,47,1
1,113456160,1,1,188,24,1
1,113595633,1,1,104,51,1
1,115903174,1,1,114,17,1
1,116573894,1,1,119,73,1
1,117165737,1,1,169,7,1
1,117647090,1,1,138,26,1
1,117684325,1,1,151,41,1
1,119355662,1,1,98,48,1
1,119395512,1,1,118,7,1
1,121384095,1,1,90,7,1
1,121435124,1,1,55,5,1
1,143127835,1,1,164,7,1
1,143128219,1,1,127,6,1
1,143177534,1,1,160,24,1
1,143197984,1,1,200,11,1
1,143240330,1,1,117,7,1
1,143433737,1,1,70,6,1
1,143680205,1,1,42,9,1
1,144617534,1,1,164,13,1
1,144858172,1,1,216,78,1
1,144957155,1,1,141,57,1
1,145295807,1,1,149,16,1
1,145354581,1,1,70,6,1
1,145584277,1,1,91,44,1
1,145991958,1,1,92,16,1
1,146215141,1,1,20,8,1
1,146645420,1,1,133,48,1
1,147738884,1,1,161,7,1
1,148006621,1,1,66,9,1
1,151586232,1,1,94,40,1
1,151705958,1,1,120,15,1
1,152226756,1,1,123,45,1
1,152945558,1,1,145,64,1
1,152971863,1,1,104,47,1
1,154034991,1,1,80,31,1
1,154711035,1,1,100,37,1
1,155148296,1,1,159,15,1
1,155601884,1,1,181,11,1
1,155644150,1,1,142,30,1
1,156133676,1,1,161,8,1
1,157075969,1,1,53,32,1
1,157217679,1,1,167,63,1
1,158186049,1,1,114,44,1
1,158932567,1,1,86,29,1
1,159148309,1,1,128,52,1
1,160628679,1,1,126,40,1
1,160698525,1,1,79,57,1
1,160764250,1,1,96,50,1
1,160890515,1,1,116,61,1
1,161409964,1,1,69,39,1
1,161760904,1,1,66,7,1
1,163791484,1,1,109,71,1
1,163934862,1,1,159,29,1
1,164220777,1,1,120,50,1
1,164253005,1,1,143,72,1
1,164496475,1,1,119,49,1
1,164789410,1,1,111,25,1
1,165548663,1,1,110,47,1
1,165859479,1,1,74,18,1
1,166680137,1,1,172,24,1
1,167238004,1,1,134,54,1
1,167659642,1,1,91,42,1
1,169375021,1,1,146,51,1
1,170243249,1,1,127,27,1
1,170311266,1,1,144,68,1
1,171690972,1,1,130,45,1
1,172289626,1,1,109,46,1
1,172346151,1,1,144,74,1
1,172743259,1,1,123,52,1
1,174751059,1,1,122,47,1
1,175631137,1,1,70,39,1
1,176169319,1,1,196,20,1
1,177210607,1,1,93,35,1
1,177415418,1,1,91,47,1
1,179750937,1,1,138,25,1
1,179880406,1,1,122,66,1
1,180259197,1,1,129,75,1
1,180274370,1,1,144,63,1
1,180984454,1,1,118,58,1
1,181943813,1,1,116,51,1
1,182079926,1,1,110,28,1
1,182498247,1,1,130,55,1
1,182684078,1,1,138,68,1
1,183113819,1,1,108,46,1
1,183994558,1,1,113,45,1
1,185116763,1,1,107,69,1
1,186484858,1,1,105,43,1
1,187839378,1,1,130,53,1
1,188226672,1,1,102,45,1
1,189051177,1,1,148,76,1
1,189288746,1,1,99,47,1
1,189432673,1,1,164,21,1
1,189513360,1,1,152,26,1
1,189681566,1,1,169,29,1
1,189762613,1,1,131,38,1
1,191575426,1,1,162,17,1
1,191929804,1,1,142,31,1
1,194052962,1,1,105,63,1
1,194520954,1,1,192,10,1
1,195133513,1,1,122,64,1
1,195584489,1,1,107,33,1
1,195736364,1,1,142,60,1
1,197206432,1,1,123,76,1
1,197270358,1,1,99,28,1
1,198353218,1,1,128,25,1
1,200010506,1,1,91,41,1
1,200093295,1,1,118,53,1
1,201147851,1,1,73,46,1
1,201736431,1,1,126,27,1
1,202141529,1,1,84,11,1
1,203361479,1,1,155,72,1
1,205494544,1,1,77,52,1
1,206218045,1,1,123,69,1
1,206568985,1,1,130,8,1
1,207815713,1,1,91,44,1
1,210315940,1,1,87,55,1
1,211200445,1,1,142,55,1
1,212010240,1,1,110,9,1
1,214832591,1,1,115,38,1
1,215513446,1,1,94,48,1
1,216164905,1,1,206,12,1
1,216347891,1,1,158,17,1
1,216382348,1,1,109,40,1
1,216557272,1,1,116,60,1
1,216883180,1,1,118,38,1
1,217160780,1,1,115,22,1
1,219848219,1,1,91,47,1
1,221630463,1,1,116,46,1
1,221700373,1,1,80,29,1
1,224677638,1,1,115,56,1
1,224964102,1,1,143,70,1
1,227250342,1,1,124,79,1
1,229220870,1,1,138,65,1
1,229271241,1,1,157,34,1
1,230427822,1,1,54,23,1
1,230779487,1,1,115,61,1
1,231152548,1,1,121,60,1
1,232554299,1,1,107,52,1
1,233832184,1,1,139,62,1
1,234121085,1,1,119,64,1
1,234921622,1,1,124,30,1
1,235283616,1,1,138,58,1
1,235338147,1,1,97,57,1
1,238470682,1,1,128,69,1
1,238945183,1,1,152,30,1
1,239515130,1,1,96,30,1
1,239594317,1,1,138,50,1
1,240037597,1,1,190,9,1
1,240478601,1,1,180,21,1
1,241042646,1,1,137,56,1
1,242305203,1,1,101,37,1
1,242580905,1,1,125,32,1
1,243043166,1,1,132,56,1
1,243188899,1,1,162,7,1
1,244718469,1,1,116,45,1
1,246335541,1,1,170,17,1
1,246983225,1,1,97,30,1
1,247695988,1,1,131,18,1
2,910728,1,1,126,10,1
2,2083948,1,1,99,62,1
2,4390912,1,1,116,54,1
2,5574204,1,1,123,52,1
2,5830772,1,1,150,12,1
2,5845480,1,1,47,16,1
2,5899897,1,1,94,47,1
2,6563734,1,1,107,57,1
2,7123613,1,1,115,24,1
2,7388603,1,1,115,56,1
2,8301436,1,1,74,32,1
2,8448082,1,1,83,43,1
2,12639872,1,1,104,57,1
2,13292037,1,1,115,55,1
2,13713106,1,1,114,64,1
2,14593409,1,1,96,45,1
2,14992228,1,1,36,5,1
2,15193083,1,1,134,66,1
2,15912145,1,1,68,46,1
2,16738370,1,1,70,44,1
2,16990580,1,1,139,64,1
2,16992246,1,1,149,48,1
2,17093403,1,1,92,56,1
2,17097108,1,1,154,30,1
2,17616711,1,1,106,44,1
2,18848560,1,1,94,46,1
2,18874737,1,1,189,7,1
2,19558438,1,1,38,17,1
2,21350278,1,1,156,63,1
2,21644672,1,1,118,54,1
2,21855395,1,1,187,35,1
2,22319547,1,1,231,9,1
2,22331740,1,1,125,54,1
2,22736174,1,1,131,68,1
2,23121441,1,1,126,71,1
2,23880782,1,1,104,48,1
2,24006770,1,1,148,84,1
2,26175418,1,1,135,14,1
2,26785153,1,1,96,43,1
2,27771175,1,1,88,41,1
2,30768241,1,1,157,81,1
2,30962054,1,1,66,41,1
2,31889921,1,1,150,84,1
2,33281971,1,1,92,35,1
2,34148629,1,1,77,44,1
2,34248763,1,1,109,48,1
2,34728368,1,1,63,14,1
2,34737572,1,1,137,76,1
2,35007433,1,1,122,68,1
2,35312952,1,1,129,9,1
2,35374801,1,1,163,19,1
2,35626765,1,1,170,28,1
2,36108332,1,1,146,25,1
2,36244960,1,1,125,56,1
2,36733304,1,1,110,13,1
2,36902125,1,1,85,74,1
2,37507468,1,1,118,63,1
2,38283542,1,1,111,51,1
2,39723101,1,1,166,8,1
2,39847808,1,1,114,57,1
2,40139427,1,1,123,53,1
2,41650039,1,1,122,59,1
2,42897019,1,1,138,55,1
2,43456794,1,1,118,51,1
2,44138726,1,1,70,27,1
2,44495218,1,1,141,16,1
2,44816511,1,1,51,6,1
2,44816648,1,1,54,5,1
2,46916843,1,1,107,35,1
2,48185196,1,1,128,51,1
2,48632224,1,1,90,24,1
2,48971062,1,1,119,6,1
2,49093516,1,1,133,47,1
2,49282233,1,1,164,23,1
2,49827782,1,1,118,58,1
2,50183823,1,1,162,21,1
2,50580898,1,1,118,37,1
2,51309456,1,1,123,51,1
2,51357102,1,1,165,35,1
2,51763141,1,1,76,50,1
2,51888413,1,1,161,9,1
2,53481534,1,1,88,33,1
2,57352579,1,1,178,9,1
2,58992970,1,1,71,16,1
2,60190259,1,1,118,26,1
2,61033760,1,1,176,27,1
2,62471758,1,1,177,35,1
2,64089899,1,1,172,19,1
2,64736262,1,1,98,37,1
2,64877546,1,1,135,60,1
2,64954923,1,1,125,75,1
2,66404354,1,1,76,53,1
2,69389066,1,1,109,53,1
2,70758562,1,1,131,53,1
2,72661625,1,1,114,58,1
2,73063414,1,1,127,53,1
2,75441027,1,1,91,47,1
2,75618672,1,1,113,62,1
2,75772171,1,1,143,59,1
2,76073076,1,1,128,53,1
2,76852399,1,1,89,50,1
2,77070909,1,1,126,58,1
2,77357421,1,1,139,54,1
2,77681211,1,1,106,52,1
2,77696344,1,1,92,39,1
2,77765714,1,1,116,67,1
2,77796138,1,1,180,14,1
2,78132187,1,1,107,53,1
2,78275534,1,1,64,36,1
2,78394957,1,1,104,58,1
2,79224457,1,1,78,12,1
2,80608355,1,1,75,36,1
2,83723925,1,1,143,17,1
2,83729093,1,1,101,51,1
2,84193490,1,1,110,60,1
2,86956376,1,1,161,8,1
2,87018466,1,1,82,47,1
2,87535568,1,1,121,6,1
2,87623761,1,1,20,10,1
2,87727537,1,1,14,4,1
2,88257798,1,1,192,10,1
2,88531439,1,1,116,47,1
2,89910178,1,1,184,7,1
2,92305002,1,1,65,31,1
2,95986119,1,1,85,43,1
2,96168553,1,1,148,86,1
2,97601681,1,1,104,58,1
2,97870549,1,1,180,7,1
2,98203506,1,1,123,56,1
2,98266978,1,1,100,55,1
2,98765290,1,1,107,56,1
2,98823353,1,1,122,32,1
2,99927541,1,1,107,63,1
2,100997906,1,1,154,22,1
2,101285850,1,1,163,22,1
2,103218531,1,1,121,52,1
2,103318055,1,1,119,57,1
2,103714883,1,1,122,68,1
2,104540997,1,1,128,63,1
2,105196804,1,1,173,27,1
2,106369445,1,1,122,54,1
2,107019738,1,1,116,7,1
2,107081012,1,1,171,9,1
2,107601636,1,1,119,65,1
2,109468123,1,1,97,43,1
2,109729432,1,1,124,51,1
2,109865328,1,1,94,8,1
2,110351001,1,1,104,17,1
2,111940517,1,1,75,33,1
2,112217223,1,1,88,39,1
2,112330597,1,1,62,11,1
2,112713369,1,1,155,8,1
2,113115196,1,1,156,21,1
2,113196336,1,1,181,9,1
2,113793289,1,1,109,66,1
2,114609785,1,1,112,42,1
2,114828160,1,1,110,62,1
2,115340216,1,1,129,66,1
2,115413460,1,1,123,60,1
2,115489593,1,1,118,63,1
2,115686926,1,1,90,60,1
2,115983774,1,1,135,62,1
2,116289312,1,1,89,43,1
2,116591135,1,1,163,33,1
2,116864656,1,1,119,66,1
2,117291829,1,1,129,27,1
2,117325911,1,1,146,62,1
2,117367108,1,1,184,9,1
2,117910982,1,1,129,57,1
2,118037717,1,1,65,33,1
2,118089483,1,1,151,73,1
2,118384916,1,1,129,7,1
2,118633303,1,1,99,64,1
2,118895342,1,1,157,7,1
2,119491985,1,1,105,55,1
2,122111118,1,1,93,28,1
2,122777168,1,1,85,53,1
2,124372667,1,1,73,34,1
2,124708026,1,1,68,27,1
2,126001321,1,1,154,70,1
2,126088991,1,1,109,13,1
2,126564092,1,1,126,55,1
2,127437850,1,1,98,51,1
2,127962096,1,1,61,6,1
2,128692983,1,1,105,50,1
2,129024583,1,1,108,6,1
2,129793472,1,1,99,36,1
2,129920771,1,1,87,28,1
2,130821006,1,1,99,9,1
2,132589330,1,1,84,57,1
2,132847110,1,1,170,17,1
2,133609582,1,1,110,40,1
2,134802959,1,1,119,65,1
2,136096232,1,1,119,61,1
2,137283009,1,1,178,33,1
2,138214697,1,1,98,62,1
2,140152000,1,1,102,64,1
2,140705680,1,1,74,10,1
2,141138236,1,1,101,58,1
2,141385962,1,1,93,39,1
2,142432216,1,1,133,62,1
2,142916878,1,1,164,36,1
2,143279781,1,1,122,49,1
2,143691545,1,1,135,9,1
2,143799108,1,1,146,69,1
2,144227051,1,1,106,65,1
2,145176913,1,1,136,61,1
2,145436438,1,1,109,64,1
2,146714470,1,1,109,40,1
2,148074942,1,1,97,56,1
2,151196951,1,1,192,9,1
2,151384241,1,1,116,64,1
2,152251939,1,1,85,46,1
2,154234915,1,1,123,51,1
2,154432760,1,1,81,35,1
2,155023406,1,1,94,50,1
2,155369384,1,1,176,24,1
2,156200406,1,1,122,71,1
2,156566668,1,1,137,57,1
2,158427255,1,1,5,9,1
2,159102836,1,1,106,50,1
2,159143282,1,1,115,61,1
2,160908334,1,1,119,72,1
2,162255890,1,1,156,73,1
2,162835742,1,1,150,68,1
2,164533586,1,1,124,58,1
2,164685225,1,1,95,55,1
2,164779823,1,1,143,73,1
2,166089079,1,1,97,45,1
2,166343312,1,1,158,8,1
2,166400576,1,1,128,65,1
2,166448011,1,1,114,47,1
2,168680521,1,1,106,65,1
2,168854460,1,1,127,57,1
2,170182757,1,1,58,5,1
2,170362981,1,1,155,25,1
2,170996110,1,1,107,51,1
2,171102284,1,1,153,65,1
2,171295906,1,1,112,57,1
2,175052966,1,1,132,62,1
2,176455374,1,1,122,10,1
2,176622360,1,1,111,37,1
2,177006442,1,1,77,48,1
2,177410446,1,1,150,11,1
2,179571771,1,1,120,77,1
2,180672656,1,1,161,11,1
2,181109288,1,1,108,40,1
2,181111881,1,1,126,62,1
2,181469737,1,1,102,75,1
2,184655337,1,1,116,55,1
2,184798204,1,1,145,53,1
2,184977023,1,1,147,71,1
2,185209756,1,1,179,24,1
2,185496000,1,1,123,66,1
2,186328089,1,1,180,12,1
2,186994339,1,1,96,34,1
2,187221423,1,1,126,66,1
2,187379767,1,1,107,50,1
2,187603366,1,1,107,47,1
2,187824275,1,1,85,30,1
2,189188992,1,1,119,57,1
2,192249727,1,1,99,40,1
2,193741726,1,1,109,43,1
2,195272614,1,1,125,55,1
2,195581093,1,1,121,68,1
2,195956718,1,1,132,11,1
2,196759937,1,1,152,63,1
2,197423670,1,1,130,53,1
2,198694900,1,1,124,51,1
2,199154864,1,1,142,58,1
2,200047399,1,1,88,5,1
2,201838113,1,1,127,77,1
2,203805770,1,1,187,30,1
2,204518621,1,1,121,43,1
2,205696683,1,1,103,56,1
2,207266137,1,1,119,7,1
2,207469157,1,1,137,54,1
2,208279403,1,1,125,67,1
2,208828044,1,1,96,45,1
2,212088870,1,1,90,5,1
2,212324202,1,1,127,49,1
2,212811907,1,1,124,66,1
2,213354392,1,1,155,53,1
2,213552415,1,1,126,58,1
2,213680671,1,1,116,57,1
2,214428610,1,1,97,51,1
2,214905783,1,1,153,72,1
2,215233684,1,1,105,64,1
2,215292797,1,1,144,60,1
2,215808812,1,1,108,39,1
2,216027847,1,1,114,35,1
2,216643287,1,1,104,42,1
2,220361686,1,1,145,14,1
2,221949121,1,1,110,75,1
2,222173594,1,1,152,24,1
2,222674565,1,1,119,53,1
2,223037251,1,1,130,25,1
2,223229099,1,1,202,14,1
2,224157939,1,1,95,28,1
2,224796942,1,1,78,32,1
2,224910824,1,1,106,47,1
2,225337859,1,1,125,59,1
2,226249685,1,1,80,45,1
2,226822491,1,1,102,48,1
2,227627837,1,1,135,16,1
2,227687266,1,1,80,20,1
2,229826837,1,1,109,67,1
2,230036774,1,1,115,52,1
2,230289577,1,1,113,41,1
2,233014230,1,1,69,5,1
2,233170777,1,1,126,53,1
2,234368005,1,1,99,45,1
2,234735633,1,1,148,37,1
2,235356631,1,1,96,30,1
2,236765875,1,1,95,35,1
2,236969332,1,1,123,49,1
2,238457670,1,1,129,54,1
2,238480847,1,1,80,47,1
2,239957709,1,1,69,7,1
2,241434285,1,1,99,46,1
2,241530102,1,1,128,8,1
2,241530103,1,1,127,11,1
2,241626929,1,1,90,35,1
2,242588291,1,1,111,73,1
3,554485,1,1,140,68,1
3,614689,1,1,216,13,1
3,1118770,1,1,136,59,1
3,4886943,1,1,149,44,1
3,5242649,1,1,126,64,1
3,6132892,1,1,130,60,1
3,6406988,1,1,138,81,1
3,7542951,1,1,171,30,1
3,8191746,1,1,114,37,1
3,9061393,1,1,131,30,1
3,11530053,1,1,133,50,1
3,11950141,1,1,129,55,1
3,12416561,1,1,114,51,1
3,12490243,1,1,62,9,1
3,12953707,1,1,102,29,1
3,14670459,1,1,109,26,1
3,15526043,1,1,128,69,1
3,16444179,1,1,112,64,1
3,19039825,1,1,78,38,1
3,19672999,1,1,141,25,1
3,21533622,1,1,123,59,1
3,21561374,1,1,97,67,1
3,21708057,1,1,97,69,1
3,21936488,1,1,102,58,1
3,21992213,1,1,128,66,1
3,22103483,1,1,102,54,1
3,22786312,1,1,104,54,1
3,23123478,1,1,87,7,1
3,23724711,1,1,169,12,1
3,24392916,1,1,124,64,1
3,25188589,1,1,94,36,1
3,25492820,1,1,109,56,1
3,26430579,1,1,68,6,1
3,26459162,1,1,116,32,1
3,27022604,1,1,108,61,1
3,27525943,1,1,99,16,1
3,28158587,1,1,139,57,1
3,29212947,1,1,130,47,1
3,30329210,1,1,127,10,1
3,31540903,1,1,113,50,1
3,31858346,1,1,104,22,1
3,33116389,1,1,107,43,1
3,34172926,1,1,142,9,1
3,35150683,1,1,127,49,1
3,35662991,1,1,122,52,1
3,35766875,1,1,139,23,1
3,36441673,1,1,113,50,1
3,37021817,1,1,95,44,1
3,37848093,1,1,85,40,1
3,38925029,1,1,173,28,1
3,38974018,1,1,132,48,1
3,39188728,1,1,110,7,1
3,39269078,1,1,112,8,1
3,39898755,1,1,97,53,1
3,39981135,1,1,137,57,1
3,44795723,1,1,96,46,1
3,44834290,1,1,108,47,1
3,45780183,1,1,132,70,1
3,46944109,1,1,82,41,1
3,47835059,1,1,133,13,1
3,47835071,1,1,135,12,1
3,47927288,1,1,142,23,1
3,49035856,1,1,117,17,1
3,51889970,1,1,136,55,1
3,53820167,1,1,104,49,1
3,54020579,1,1,115,46,1
3,54432440,1,1,97,11,1
3,54794750,1,1,72,30,1
3,56340708,1,1,96,48,1
3,57437636,1,1,113,42,1
3,57863118,1,1,117,61,1
3,58549543,1,1,104,39,1
3,58833096,1,1,221,9,1
3,60363509,1,1,83,33,1
3,60547764,1,1,105,48,1
3,60807652,1,1,102,55,1
3,60811346,1,1,78,45,1
3,60869919,1,1,110,50,1
3,61414981,1,1,94,20,1
3,61622215,1,1,112,58,1
3,61648724,1,1,92,54,1
3,61855132,1,1,85,47,1
3,64701686,1,1,124,54,1
3,64764630,1,1,108,51,1
3,64839175,1,1,102,55,1
3,64963867,1,1,105,23,1
3,65149699,1,1,108,56,1
3,65687219,1,1,78,47,1
3,66054669,1,1,117,26,1
3,66133711,1,1,110,50,1
3,66638324,1,1,119,54,1
3,67545479,1,1,90,57,1
3,68111524,1,1,113,56,1
3,69622610,1,1,112,16,1
3,69719803,1,1,110,72,1
3,70368896,1,1,134,60,1
3,71166994,1,1,136,29,1
3,71380831,1,1,106,55,1
3,74185409,1,1,80,44,1
3,75172270,1,1,145,8,1
3,75183865,1,1,135,50,1
3,75615764,1,1,133,8,1
3,75615768,1,1,133,9,1
3,78542112,1,1,79,28,1
3,80931374,1,1,80,55,1
3,80957170,1,1,89,48,1
3,81040401,1,1,96,45,1
3,81593012,1,1,134,64,1
3,82911525,1,1,121,58,1
3,82938329,1,1,152,65,1
3,83873953,1,1,143,25,1
3,83923758,1,1,128,63,1
3,84318666,1,1,116,70,1
3,84866237,1,1,108,54,1
3,85535499,1,1,124,62,1
3,86868797,1,1,79,8,1
3,86908867,1,1,91,6,1
3,87549902,1,1,170,39,1
3,89220308,1,1,137,59,1
3,89428850,1,1,104,57,1
3,89558665,1,1,143,74,1
3,89691810,1,1,114,64,1
3,90146519,1,1,116,51,1
3,90202849,1,1,99,49,1
3,90342923,1,1,136,71,1
3,93822825,1,1,109,56,1
3,95121720,1,1,144,25,1
3,95189107,1,1,164,26,1
3,95553874,1,1,153,24,1
3,95875729,1,1,114,48,1
3,96658888,1,1,98,69,1
3,97328359,1,1,180,60,1
3,98100644,1,1,185,11,1
3,98337113,1,1,148,48,1
3,100526186,1,1,155,60,1
3,100785825,1,1,124,71,1
3,102361357,1,1,118,43,1
3,103083871,1,1,156,61,1
3,103962742,1,1,127,65,1
3,103997747,1,1,118,35,1
3,104091685,1,1,147,67,1
3,104349049,1,1,85,27,1
3,106600902,1,1,139,63,1
3,107404859,1,1,137,65,1
3,108087731,1,1,87,37,1
3,108394640,1,1,151,26,1
3,108591823,1,1,153,16,1
3,109578947,1,1,124,62,1
3,109990307,1,1,120,43,1
3,109998259,1,1,203,35,1
3,110433814,1,1,120,63,1
3,115041633,1,1,132,62,1
3,116538482,1,1,144,10,1
3,116815580,1,1,99,39,1
3,117007137,1,1,107,45,1
3,117242334,1,1,114,46,1
3,117598134,1,1,103,55,1
3,119051524,1,1,72,8,1
3,119359837,1,1,45,10,1
3,119749051,1,1,129,57,1
3,120465619,1,1,137,60,1
3,120648482,1,1,122,65,1
3,120803185,1,1,140,16,1
3,120879982,1,1,139,92,1
3,121359906,1,1,89,43,1
3,121736688,1,1,127,15,1
3,122990004,1,1,120,65,1
3,123131206,1,1,93,47,1
3,123711349,1,1,141,7,1
3,125482542,1,1,111,6,1
3,125504554,1,1,135,8,1
3,125580043,1,1,120,21,1
3,126275084,1,1,90,37,1
3,126592171,1,1,113,52,1
3,127212852,1,1,71,65,1
3,127782338,1,1,118,14,1
3,128393331,1,1,125,23,1
3,128680446,1,1,112,6,1
3,131371083,1,1,133,46,1
3,131740369,1,1,99,54,1
3,131792759,1,1,125,39,1
3,132722144,1,1,119,25,1
3,132781640,1,1,117,48,1
3,135189978,1,1,122,53,1
3,135274193,1,1,146,7,1
3,137733387,1,1,73,14,1
3,138702705,1,1,107,46,1
3,139204843,1,1,118,63,1
3,139232772,1,1,113,64,1
3,139384544,1,1,98,43,1
3,140503251,1,1,137,60,1
3,142961946,1,1,127,29,1
3,143856596,1,1,96,40,1
3,144289004,1,1,145,25,1
3,145214760,1,1,148,13,1
3,145904248,1,1,137,56,1
3,146290989,1,1,125,56,1
3,146985181,1,1,107,55,1
3,147926749,1,1,118,68,1
3,148340072,1,1,125,59,1
3,148488721,1,1,83,59,1
3,150538708,1,1,203,9,1
3,150785327,1,1,132,19,1
3,150785916,1,1,125,59,1
3,151672322,1,1,141,55,1
3,153228892,1,1,158,7,1
3,154899844,1,1,129,48,1
3,155187254,1,1,140,9,1
3,155345824,1,1,100,47,1
3,155918925,1,1,84,29,1
3,157614777,1,1,94,36,1
3,160017263,1,1,118,58,1
3,160827697,1,1,154,20,1
3,162125606,1,1,16,7,1
3,162570613,1,1,68,25,1
3,163478560,1,1,143,7,1
3,163650840,1,1,141,71,1
3,163875510,1,1,102,49,1
3,163970176,1,1,120,77,1
3,163973042,1,1,119,59,1
3,164025570,1,1,99,68,1
3,164096983,1,1,131,50,1
3,164111286,1,1,132,31,1
3,165307332,1,1,114,6,1
3,167232444,1,1,80,33,1
3,167986169,1,1,136,27,1
3,168070993,1,1,119,8,1
3,168753726,1,1,129,55,1
3,170391783,1,1,83,38,1
3,170981904,1,1,158,14,1
3,172766887,1,1,130,54,1
3,172959939,1,1,130,69,1
3,174959104,1,1,117,52,1
3,175562896,1,1,95,50,1
3,176051582,1,1,132,56,1
3,177175318,1,1,84,35,1
3,179879170,1,1,142,70,1
3,179893289,1,1,90,45,1
3,180903920,1,1,114,47,1
3,181480521,1,1,180,8,1
3,181480522,1,1,179,8,1
3,181757614,1,1,141,71,1
3,183630246,1,1,129,18,1
3,183852835,1,1,86,39,1
3,184456438,1,1,101,52,1
3,186836870,1,1,126,35,1
3,186998625,1,1,121,58,1
3,187433998,1,1,86,43,1
3,188352840,1,1,103,52,1
3,190133173,1,1,142,59,1
3,190186565,1,1,102,37,1
3,191124366,1,1,68,24,1
3,191486655,1,1,131,68,1
3,191872125,1,1,41,6,1
3,193467287,1,1,108,55,1
3,194590087,1,1,25,14,1
3,195212627,1,1,64,6,1
3,195504379,1,1,36,6,1
3,195701472,1,1,258,13,1
3,196182626,1,1,95,30,1
3,196238350,1,1,80,11,1
3,196446891,1,1,98,54,1
3,196529006,1,1,114,59,1
3,197831361,1,1,34,6,1
4,625978,1,1,123,48,1
4,1570388,1,1,28,19,1
4,1754550,1,1,59,52,1
4,2452102,1,1,119,45,1
4,2504151,1,1,94,53,1
4,2757467,1,1,24,10,1
4,3129203,1,1,89,46,1
4,3166651,1,1,124,47,1
4,3589212,1,1,126,7,1
4,3591797,1,1,149,7,1
4,3907369,1,1,190,8,1
4,3907373,1,1,187,8,1
4,4594909,1,1,105,38,1
4,4770545,1,1,87,46,1
4,6066216,1,1,98,45,1
4,7213191,1,1,113,53,1
4,7604261,1,1,87,41,1
4,7996649,1,1,211,11,1
4,10098885,1,1,104,37,1
4,10561606,1,1,107,49,1
4,11549845,1,1,93,43,1
4,12340148,1,1,137,6,1
4,13023327,1,1,97,35,1
4,13234524,1,1,65,5,1
4,16395372,1,1,139,9,1
4,17602481,1,1,114,58,1
4,17711121,1,1,101,41,1
4,18296765,1,1,116,59,1
4,18314582,1,1,133,74,1
4,18478131,1,1,102,60,1
4,18716674,1,1,101,56,1
4,18735715,1,1,129,58,1
4,18967919,1,1,92,6,1
4,18967924,1,1,93,6,1
4,20224547,1,1,153,21,1
4,20271456,1,1,98,25,1
4,20326479,1,1,79,47,1
4,21001523,1,1,94,49,1
4,21217548,1,1,99,41,1
4,27324710,1,1,103,56,1
4,27896403,1,1,92,47,1
4,28271675,1,1,128,55,1
4,28527149,1,1,127,6,1
4,28527162,1,1,122,7,1
4,28568000,1,1,160,66,1
4,29185239,1,1,120,14,1
4,30359243,1,1,152,29,1
4,31540439,1,1,93,58,1
4,31622260,1,1,99,37,1
4,31961640,1,1,93,14,1
4,32664123,1,1,147,54,1
4,33160734,1,1,121,56,1
4,33217542,1,1,128,54,1
4,33411619,1,1,126,45,1
4,34139789,1,1,122,50,1
4,34373735,1,1,96,45,1
4,34855501,1,1,104,53,1
4,35068189,1,1,123,23,1
4,35147891,1,1,125,69,1
4,35524433,1,1,138,49,1
4,37423968,1,1,114,54,1
4,37532280,1,1,117,27,1
4,37560815,1,1,159,7,1
4,37587460,1,1,103,53,1
4,38901508,1,1,129,56,1
4,39357943,1,1,123,40,1
4,39929872,1,1,111,71,1
4,41817002,1,1,128,9,1
4,43732907,1,1,144,32,1
4,44122883,1,1,126,52,1
4,44458581,1,1,40,7,1
4,44530782,1,1,147,52,1
4,45035738,1,1,125,64,1
4,45746182,1,1,128,66,1
4,46962736,1,1,139,80,1
4,47212526,1,1,158,30,1
4,47809466,1,1,128,51,1
4,48874048,1,1,90,49,1
4,49182643,1,1,187,8,1
4,49316700,1,1,142,16,1
4,49618827,1,1,338,13,1
4,53110560,1,1,134,10,1
4,53144856,1,1,132,46,1
4,53512122,1,1,95,50,1
4,54050504,1,1,106,52,1
4,55864402,1,1,161,18,1
4,56023869,1,1,86,24,1
4,56057440,1,1,117,37,1
4,56646793,1,1,84,40,1
4,57202198,1,1,141,18,1
4,58887968,1,1,44,4,1
4,58991678,1,1,142,50,1
4,59114256,1,1,129,54,1
4,60505709,1,1,158,37,1
4,61453048,1,1,122,54,1
4,61594902,1,1,136,45,1
4,62942739,1,1,117,57,1
4,65114073,1,1,104,44,1
4,65486920,1,1,124,57,1
4,65836297,1,1,103,53,1
4,67894355,1,1,116,58,1
4,68838489,1,1,145,10,1
4,69125756,1,1,104,59,1
4,69215266,1,1,70,38,1
4,69945144,1,1,135,29,1
4,70204693,1,1,82,6,1
4,70434935,1,1,154,64,1
4,70792625,1,1,187,20,1
4,71997161,1,1,108,51,1
4,76834267,1,1,108,37,1
4,79637462,1,1,133,6,1
4,81128091,1,1,108,46,1
4,81212862,1,1,129,39,1
4,81722228,1,1,102,45,1
4,82465157,1,1,133,53,1
4,83095938,1,1,142,62,1
4,84103928,1,1,66,6,1
4,85348892,1,1,97,45,1
4,85407159,1,1,93,36,1
4,85916410,1,1,132,44,1
4,88042088,1,1,92,35,1
4,89815523,1,1,151,61,1
4,91533660,1,1,122,61,1
4,91857714,1,1,148,73,1
4,92387286,1,1,131,52,1
4,92678905,1,1,129,69,1
4,92912959,1,1,143,72,1
4,94466093,1,1,126,32,1
4,94534746,1,1,86,6,1
4,96014173,1,1,174,28,1
4,98181297,1,1,50,26,1
4,99789640,1,1,96,51,1
4,102191009,1,1,132,21,1
4,102197271,1,1,94,43,1
4,102305944,1,1,101,47,1
4,103172692,1,1,115,64,1
4,104477897,1,1,139,6,1
4,104640664,1,1,86,38,1
4,105413894,1,1,78,49,1
4,107494637,1,1,78,7,1
4,108145100,1,1,217,18,1
4,108145118,1,1,219,19,1
4,108897541,1,1,116,72,1
4,109299708,1,1,108,33,1
4,109408593,1,1,108,62,1
4,109863167,1,1,182,11,1
4,110481461,1,1,84,33,1
4,111674899,1,1,101,64,1
4,112133899,1,1,129,61,1
4,112519524,1,1,133,63,1
4,113758708,1,1,103,47,1
4,113994199,1,1,56,12,1
4,115281708,1,1,120,62,1
4,117631720,1,1,119,54,1
4,117868815,1,1,133,64,1
4,118047843,1,1,121,62,1
4,118999765,1,1,84,36,1
4,119508828,1,1,94,51,1
4,119602447,1,1,128,56,1
4,120287595,1,1,189,12,1
4,121096437,1,1,117,27,1
4,121132860,1,1,69,7,1
4,121653820,1,1,191,14,1
4,123956244,1,1,114,57,1
4,124069128,1,1,156,58,1
4,125479232,1,1,105,65,1
4,126437449,1,1,106,46,1
4,127055864,1,1,76,50,1
4,127826520,1,1,114,48,1
4,129258580,1,1,98,13,1
4,130513607,1,1,112,66,1
4,130667480,1,1,139,57,1
4,131501585,1,1,106,56,1
4,132156185,1,1,157,23,1
4,132305716,1,1,120,41,1
4,132523073,1,1,76,48,1
4,132670110,1,1,36,20,1
4,132671155,1,1,91,10,1
4,132688915,1,1,105,44,1
4,132792627,1,1,107,51,1
4,132804583,1,1,99,46,1
4,132889672,1,1,92,9,1
4,133192675,1,1,126,54,1
4,133639583,1,1,151,56,1
4,133814997,1,1,107,19,1
4,133866792,1,1,102,26,1
4,133961957,1,1,76,22,1
4,134278420,1,1,160,9,1
4,134411151,1,1,146,67,1
4,135588172,1,1,118,60,1
4,135595868,1,1,124,60,1
4,135598545,1,1,128,74,1
4,135731498,1,1,116,7,1
4,135983824,1,1,149,61,1
4,136537943,1,1,101,41,1
4,137150254,1,1,95,62,1
4,138340033,1,1,114,20,1
4,139867015,1,1,142,59,1
4,144961512,1,1,86,28,1
4,144979537,1,1,103,11,1
4,145815397,1,1,125,66,1
4,145916861,1,1,144,58,1
4,145963306,1,1,138,56,1
4,147565426,1,1,145,67,1
4,149938336,1,1,104,15,1
4,151175759,1,1,80,68,1
4,152075791,1,1,123,58,1
4,153032943,1,1,134,16,1
4,154744575,1,1,127,58,1
4,155035761,1,1,143,68,1
4,155576356,1,1,148,28,1
4,157226353,1,1,149,9,1
4,158653593,1,1,84,41,1
4,159338813,1,1,137,52,1
4,161769883,1,1,121,63,1
4,162249409,1,1,98,37,1
4,162481878,1,1,108,41,1
4,162662922,1,1,106,41,1
4,164215818,1,1,146,19,1
4,164415280,1,1,62,11,1
4,165965933,1,1,87,21,1
4,165994534,1,1,85,48,1
4,166122978,1,1,132,66,1
4,169707359,1,1,121,48,1
4,171043803,1,1,112,47,1
4,171361888,1,1,120,57,1
4,172039323,1,1,97,65,1
4,175943577,1,1,123,6,1
4,176481041,1,1,101,63,1
4,178927124,1,1,132,47,1
4,178978936,1,1,136,53,1
4,182376417,1,1,115,48,1
4,182546362,1,1,92,41,1
4,182621958,1,1,137,71,1
4,183492276,1,1,100,65,1
4,186197923,1,1,105,59,1
4,187506995,1,1,128,50,1
4,187789936,1,1,159,62,1
4,187985801,1,1,113,13,1
4,188082338,1,1,142,76,1
4,189596700,1,1,117,49,1
4,189803826,1,1,72,28,1
4,190307153,1,1,101,47,1
4,190404967,1,1,59,29,1
4,190482305,1,1,114,55,1
4,190668651,1,1,186,9,1
5,687214,1,1,56,9,1
5,1206259,1,1,93,44,1
5,1487026,1,1,87,33,1
5,1632528,1,1,120,6,1
5,2174291,1,1,101,58,1
5,3202640,1,1,90,8,1
5,3382133,1,1,37,9,1
5,3544175,1,1,86,43,1
5,3597350,1,1,89,35,1
5,4187416,1,1,119,52,1
5,4339692,1,1,84,34,1
5,4810181,1,1,157,67,1
5,4835796,1,1,106,47,1
5,5968960,1,1,120,40,1
5,6861963,1,1,120,40,1
5,6891163,1,1,111,39,1
5,6908927,1,1,98,39,1
5,6940197,1,1,120,62,1
5,8894418,1,1,81,74,1
5,9212042,1,1,109,57,1
5,9586324,1,1,78,6,1
5,9814326,1,1,159,38,1
5,10627573,1,1,133,15,1
5,11368178,1,1,110,53,1
5,11553149,1,1,122,60,1
5,12030144,1,1,118,51,1
5,12592747,1,1,185,36,1
5,13020530,1,1,116,52,1
5,13862319,1,1,147,26,1
5,13953646,1,1,162,47,1
5,16634916,1,1,162,8,1
5,17727704,1,1,79,53,1
5,18182478,1,1,103,58,1
5,18205745,1,1,151,14,1
5,19267134,1,1,93,46,1
5,19786634,1,1,120,72,1
5,20685573,1,1,110,62,1
5,20858397,1,1,182,10,1
5,21465269,1,1,116,42,1
5,21824376,1,1,104,25,1
5,21993957,1,1,127,50,1
5,22348622,1,1,122,55,1
5,22905604,1,1,202,9,1
5,26174459,1,1,103,59,1
5,26560739,1,1,164,10,1
5,26679063,1,1,122,61,1
5,26763629,1,1,126,74,1
5,26833937,1,1,134,31,1
5,26962013,1,1,87,46,1
5,26994618,1,1,124,59,1
5,27027450,1,1,137,63,1
5,27672497,1,1,93,51,1
5,28799216,1,1,114,7,1
5,29555445,1,1,107,53,1
5,29997723,1,1,143,26,1
5,30166023,1,1,153,61,1
5,30564416,1,1,129,49,1
5,31015039,1,1,137,52,1
5,33853579,1,1,104,59,1
5,35622815,1,1,132,46,1
5,35725790,1,1,120,71,1
5,37564640,1,1,81,6,1
5,37568805,1,1,127,63,1
5,37764104,1,1,115,57,1
5,37837634,1,1,108,16,1
5,38746005,1,1,123,63,1
5,41195595,1,1,125,46,1
5,41379517,1,1,116,61,1
5,41939504,1,1,127,51,1
5,42981100,1,1,99,7,1
5,43153120,1,1,99,35,1
5,43824063,1,1,127,7,1
5,43900217,1,1,140,49,1
5,44008702,1,1,115,27,1
5,45645611,1,1,137,52,1
5,45793804,1,1,116,69,1
5,49754221,1,1,137,20,1
5,54115345,1,1,115,75,1
5,55364476,1,1,97,42,1
5,55383679,1,1,100,35,1
5,56484518,1,1,131,20,1
5,58576642,1,1,124,50,1
5,58777933,1,1,111,60,1
5,59432427,1,1,110,58,1
5,60779245,1,1,131,88,1
5,62794188,1,1,148,76,1
5,64606768,1,1,121,53,1
5,65129413,1,1,129,68,1
5,65518794,1,1,118,56,1
5,66286804,1,1,121,55,1
5,67563499,1,1,134,59,1
5,68337072,1,1,119,61,1
5,69276227,1,1,113,6,1
5,70435268,1,1,76,7,1
5,70912197,1,1,89,33,1
5,70926147,1,1,116,69,1
5,71136943,1,1,117,60,1
5,72571312,1,1,113,32,1
5,74935363,1,1,111,44,1
5,74945353,1,1,103,50,1
5,75549997,1,1,168,8,1
5,75971629,1,1,122,50,1
5,76642484,1,1,114,43,1
5,77023005,1,1,109,32,1
5,78169337,1,1,51,10,1
5,78331628,1,1,127,46,1
5,79071296,1,1,132,59,1
5,79505204,1,1,122,17,1
5,80148635,1,1,112,53,1
5,81799961,1,1,126,6,1
5,82499534,1,1,116,63,1
5,82614017,1,1,91,26,1
5,84159261,1,1,23,16,1
5,84714533,1,1,151,67,1
5,85434253,1,1,112,56,1
5,86485810,1,1,127,48,1
5,88687565,1,1,127,74,1
5,88779469,1,1,95,49,1
5,89939403,1,1,144,72,1
5,90271526,1,1,102,31,1
5,91553750,1,1,123,56,1
5,92981022,1,1,188,21,1
5,94580718,1,1,133,18,1
5,94889725,1,1,95,58,1
5,95199920,1,1,110,63,1
5,95899111,1,1,125,47,1
5,96287738,1,1,158,71,1
5,97486616,1,1,203,20,1
5,98103980,1,1,98,42,1
5,98832012,1,1,89,35,1
5,98867252,1,1,133,8,1
5,98880875,1,1,113,49,1
5,99192394,1,1,78,9,1
5,99721849,1,1,113,11,1
5,99955147,1,1,132,64,1
5,99973555,1,1,117,55,1
5,100125261,1,1,125,66,1
5,100626056,1,1,128,7,1
5,100724874,1,1,115,57,1
5,101186932,1,1,133,51,1
5,101760803,1,1,112,58,1
5,102721971,1,1,153,26,1
5,103663536,1,1,155,73,1
5,103960258,1,1,125,16,1
5,104935094,1,1,149,73,1
5,105103175,1,1,131,41,1
5,105353367,1,1,83,10,1
5,105700453,1,1,114,45,1
5,106544992,1,1,168,65,1
5,108678907,1,1,114,6,1
5,108689905,1,1,123,7,1
5,108697224,1,1,114,59,1
5,110692421,1,1,150,17,1
5,111316169,1,1,172,26,1
5,113679887,1,1,102,6,1
5,115415298,1,1,98,31,1
5,115755096,1,1,104,43,1
5,117252597,1,1,94,32,1
5,118419088,1,1,148,49,1
5,119340284,1,1,138,63,1
5,119485808,1,1,151,62,1
5,119554094,1,1,143,63,1
5,119930074,1,1,131,63,1
5,120239328,1,1,139,52,1
5,120363770,1,1,143,56,1
5,120661534,1,1,150,32,1
5,120773441,1,1,98,45,1
5,120985429,1,1,105,50,1
5,121210887,1,1,140,73,1
5,121952123,1,1,126,8,1
5,123721815,1,1,166,79,1
5,123908577,1,1,169,9,1
5,124511247,1,1,64,8,1
5,126079496,1,1,106,37,1
5,127549241,1,1,117,38,1
5,127950362,1,1,137,65,1
5,128018780,1,1,108,67,1
5,128068453,1,1,120,8,1
5,128367726,1,1,101,56,1
5,130071352,1,1,150,7,1
5,131572564,1,1,117,47,1
5,131699622,1,1,150,26,1
5,132739918,1,1,115,52,1
5,134279391,1,1,106,55,1
5,135501758,1,1,146,74,1
5,136235426,1,1,170,75,1
5,138374587,1,1,101,54,1
5,140842737,1,1,96,45,1
5,143050195,1,1,68,49,1
5,143890999,1,1,127,52,1
5,144325001,1,1,99,75,1
5,146502913,1,1,106,46,1
5,147257263,1,1,72,46,1
5,148034273,1,1,124,65,1
5,150950811,1,1,77,23,1
5,151833190,1,1,146,36,1
5,153272805,1,1,102,47,1
5,155037761,1,1,107,42,1
5,155924656,1,1,165,15,1
5,156530028,1,1,92,45,1
5,156559707,1,1,147,65,1
5,156583894,1,1,120,17,1
5,156945880,1,1,113,57,1
5,157072656,1,1,106,46,1
5,159559726,1,1,129,27,1
5,160195992,1,1,91,43,1
5,160628600,1,1,158,8,1
5,160672335,1,1,124,6,1
5,161496990,1,1,141,70,1
5,161801327,1,1,148,8,1
5,164147424,1,1,106,55,1
5,164216886,1,1,117,53,1
5,164263969,1,1,129,53,1
5,164345143,1,1,153,64,1
5,164600915,1,1,131,35,1
5,164829147,1,1,136,50,1
5,165126914,1,1,150,76,1
5,165342322,1,1,112,47,1
5,166008468,1,1,98,50,1
5,167504494,1,1,93,46,1
5,169051744,1,1,113,51,1
5,169498726,1,1,122,57,1
5,169952014,1,1,117,51,1
5,170830293,1,1,115,7,1
5,171930551,1,1,102,37,1
5,174835941,1,1,104,57,1
5,176555429,1,1,132,29,1
5,176982637,1,1,158,15,1
5,177099610,1,1,73,8,1
5,177149710,1,1,138,7,1
5,177227390,1,1,64,7,1
5,177303172,1,1,75,11,1
5,177702345,1,1,88,40,1
5,177721239,1,1,91,5,1
5,178966428,1,1,94,56,1
5,179007523,1,1,95,37,1
5,179620038,1,1,107,23,1
5,179792915,1,1,86,35,1
6,295821,1,1,120,59,1
6,1503005,1,1,129,67,1
6,1853423,1,1,104,47,1
6,4105116,1,1,82,25,1
6,5408003,1,1,108,42,1
6,6202134,1,1,147,19,1
6,6523226,1,1,139,31,1
6,7864645,1,1,98,54,1
6,8962051,1,1,127,7,1
6,10044258,1,1,103,8,1
6,10207373,1,1,147,36,1
6,10968929,1,1,70,35,1
6,11615988,1,1,111,52,1
6,12058289,1,1,149,66,1
6,12840690,1,1,118,67,1
6,12901948,1,1,104,40,1
6,15631442,1,1,149,52,1
6,15635807,1,1,122,45,1
6,16836758,1,1,125,57,1
6,17754834,1,1,110,50,1
6,18967483,1,1,157,7,1
6,18967552,1,1,164,7,1
6,18967877,1,1,170,8,1
6,19305393,1,1,95,53,1
6,19810055,1,1,148,81,1
6,20158494,1,1,135,61,1
6,20468633,1,1,101,53,1
6,20497039,1,1,91,30,1
6,22524617,1,1,93,53,1
6,23094034,1,1,107,54,1
6,23366881,1,1,145,77,1
6,23400189,1,1,133,55,1
6,24294106,1,1,158,18,1
6,25595927,1,1,142,67,1
6,26325413,1,1,79,29,1
6,27146461,1,1,65,37,1
6,27841538,1,1,92,54,1
6,27858057,1,1,126,55,1
6,28319437,1,1,84,35,1
6,28524707,1,1,153,35,1
6,29578925,1,1,122,22,1
6,29800413,1,1,108,6,1
6,30374583,1,1,164,18,1
6,31249571,1,1,81,42,1
6,32418939,1,1,41,48,1
6,32915481,1,1,158,29,1
6,33380800,1,1,106,40,1
6,33780050,1,1,104,17,1
6,37482298,1,1,120,51,1
6,38009457,1,1,15,9,1
6,38714430,1,1,152,58,1
6,38727403,1,1,117,51,1
6,39841778,1,1,86,51,1
6,39841812,1,1,95,39,1
6,40106747,1,1,97,53,1
6,40867884,1,1,103,52,1
6,42531993,1,1,124,22,1
6,42987673,1,1,121,19,1
6,43679911,1,1,67,6,1
6,45172814,1,1,97,43,1
6,45188660,1,1,124,66,1
6,46076136,1,1,104,8,1
6,46546266,1,1,128,68,1
6,47474098,1,1,49,8,1
6,48086734,1,1,172,26,1
6,48905971,1,1,133,81,1
6,48933000,1,1,161,16,1
6,48958501,1,1,96,48,1
6,49139019,1,1,141,16,1
6,50000347,1,1,114,52,1
6,50335185,1,1,165,23,1
6,50830434,1,1,118,9,1
6,54117042,1,1,83,6,1
6,54406836,1,1,132,81,1
6,54787874,1,1,101,57,1
6,56669383,1,1,169,32,1
6,57219674,1,1,172,8,1
6,62079689,1,1,119,6,1
6,62477370,1,1,124,45,1
6,62602658,1,1,116,26,1
6,62980517,1,1,100,58,1
6,63747616,1,1,131,61,1
6,66157195,1,1,42,6,1
6,66667695,1,1,175,56,1
6,66756041,1,1,87,39,1
6,66969652,1,1,70,27,1
6,67100414,1,1,143,60,1
6,68327975,1,1,130,62,1
6,68623022,1,1,131,73,1
6,68678392,1,1,143,26,1
6,69110057,1,1,91,44,1
6,69361048,1,1,150,12,1
6,71068671,1,1,140,74,1
6,72440082,1,1,117,57,1
6,73247397,1,1,125,67,1
6,73336864,1,1,131,65,1
6,76311489,1,1,124,61,1
6,77797923,1,1,94,45,1
6,78148622,1,1,156,30,1
6,78843577,1,1,87,42,1
6,78971587,1,1,91,61,1
6,78987544,1,1,99,67,1
6,79686096,1,1,101,6,1
6,80937860,1,1,102,62,1
6,81633041,1,1,108,49,1
6,81964325,1,1,153,50,1
6,82756853,1,1,126,44,1
6,83255541,1,1,103,69,1
6,83916030,1,1,106,48,1
6,83987935,1,1,93,48,1
6,85396897,1,1,176,8,1
6,85740846,1,1,99,44,1
6,86643611,1,1,115,35,1
6,86685554,1,1,87,40,1
6,87351343,1,1,152,27,1
6,87540668,1,1,165,78,1
6,89393215,1,1,153,49,1
6,91542742,1,1,110,49,1
6,92031658,1,1,134,64,1
6,92193129,1,1,131,26,1
6,92581399,1,1,65,5,1
6,92702148,1,1,85,34,1
6,93704699,1,1,159,37,1
6,93883886,1,1,144,16,1
6,94656385,1,1,137,58,1
6,96434197,1,1,171,47,1
6,96937907,1,1,134,65,1
6,97008494,1,1,99,56,1
6,97030075,1,1,102,38,1
6,98194270,1,1,178,9,1
6,98364577,1,1,124,80,1
6,99315241,1,1,163,8,1
6,99553745,1,1,101,46,1
6,100190419,1,1,101,42,1
6,101216715,1,1,106,58,1
6,103576582,1,1,146,79,1
6,103977402,1,1,123,64,1
6,106433657,1,1,110,46,1
6,107250786,1,1,127,45,1
6,107637100,1,1,113,52,1
6,107882465,1,1,86,39,1
6,108124142,1,1,90,5,1
6,108124302,1,1,87,7,1
6,109758052,1,1,131,59,1
6,110250677,1,1,117,54,1
6,111899181,1,1,124,50,1
6,111936272,1,1,155,16,1
6,114169751,1,1,118,24,1
6,117187160,1,1,130,8,1
6,117814228,1,1,150,69,1
6,119006117,1,1,122,55,1
6,120005596,1,1,126,58,1
6,121590932,1,1,140,40,1
6,122646324,1,1,118,50,1
6,122792744,1,1,81,32,1
6,122798842,1,1,113,44,1
6,122878238,1,1,106,40,1
6,123570993,1,1,120,60,1
6,123826166,1,1,91,44,1
6,124182671,1,1,111,62,1
6,125438581,1,1,156,49,1
6,125936722,1,1,97,48,1
6,126996630,1,1,112,51,1
6,127067795,1,1,95,57,1
6,127717836,1,1,130,30,1
6,129894912,1,1,97,60,1
6,130003831,1,1,115,55,1
6,130226117,1,1,124,9,1
6,130789450,1,1,103,46,1
6,130914451,1,1,106,43,1
6,136766984,1,1,116,46,1
6,138780038,1,1,138,71,1
6,139378076,1,1,113,72,1
6,139610280,1,1,120,67,1
6,140207095,1,1,115,55,1
6,140385397,1,1,190,12,1
6,141614598,1,1,90,52,1
6,142403570,1,1,139,60,1
6,142637771,1,1,132,71,1
6,145236685,1,1,137,61,1
6,145268512,1,1,124,47,1
6,145336105,1,1,113,51,1
6,146662461,1,1,113,66,1
6,146763249,1,1,83,7,1
6,146936323,1,1,105,37,1
6,147171242,1,1,116,47,1
6,148838632,1,1,93,52,1
6,150104688,1,1,111,57,1
6,150496168,1,1,110,64,1
6,152169126,1,1,101,7,1
6,152308215,1,1,123,9,1
6,152535436,1,1,136,63,1
6,152574151,1,1,95,47,1
6,152705274,1,1,111,52,1
6,153233100,1,1,114,64,1
6,153400466,1,1,99,34,1
6,153872159,1,1,124,12,1
6,154251119,1,1,157,49,1
6,155371086,1,1,167,28,1
6,155772637,1,1,139,58,1
6,157740432,1,1,159,71,1
6,157986159,1,1,112,49,1
6,158612674,1,1,130,18,1
6,159856453,1,1,84,29,1
6,159969568,1,1,87,6,1
6,160115932,1,1,85,39,1
6,160464363,1,1,100,37,1
6,160502089,1,1,108,48,1
6,161962508,1,1,111,57,1
6,162136019,1,1,109,52,1
6,162306824,1,1,130,32,1
6,163032812,1,1,118,68,1
6,163165320,1,1,149,48,1
6,163382161,1,1,96,51,1
6,163705099,1,1,138,49,1
6,164093164,1,1,101,49,1
6,164106428,1,1,113,56,1
6,164171506,1,1,92,39,1
6,167702336,1,1,124,7,1
6,167746542,1,1,131,7,1
6,168785682,1,1,95,42,1
6,169662999,1,1,72,8,1
6,170945546,1,1,38,4,1
7,445984,1,1,83,38,1
7,1181607,1,1,110,55,1
7,3090047,1,1,106,71,1
7,4059493,1,1,91,39,1
7,4127519,1,1,154,67,1
7,4906183,1,1,118,58,1
7,5241522,1,1,133,69,1
7,5724029,1,1,87,35,1
7,5947018,1,1,67,5,1
7,6781662,1,1,80,5,1
7,6836080,1,1,129,9,1
7,6910504,1,1,97,42,1
7,7028144,1,1,111,45,1
7,7348298,1,1,101,55,1
7,8339859,1,1,122,9,1
7,9836606,1,1,115,40,1
7,10094918,1,1,102,41,1
7,10207461,1,1,134,6,1
7,10508107,1,1,106,59,1
7,10853422,1,1,111,47,1
7,10984890,1,1,141,26,1
7,12430650,1,1,152,83,1
7,12539471,1,1,126,6,1
7,14318748,1,1,80,33,1
7,14728087,1,1,125,56,1
7,16134210,1,1,196,11,1
7,17772543,1,1,105,23,1
7,18191975,1,1,142,74,1
7,20170730,1,1,112,58,1
7,22564121,1,1,130,7,1
7,22916204,1,1,133,63,1
7,23639776,1,1,127,61,1
7,25335040,1,1,139,68,1
7,26302262,1,1,112,6,1
7,27157173,1,1,84,40,1
7,27795680,1,1,99,73,1
7,27905721,1,1,99,47,1
7,28037694,1,1,79,11,1
7,28037698,1,1,81,9,1
7,28789241,1,1,124,76,1
7,30313145,1,1,147,70,1
7,30443741,1,1,134,56,1
7,30907409,1,1,84,36,1
7,31065436,1,1,107,53,1
7,31194110,1,1,163,14,1
7,32122577,1,1,67,6,1
7,32234911,1,1,140,58,1
7,32375472,1,1,83,36,1
7,32443217,1,1,101,43,1
7,32530132,1,1,87,19,1
7,33753166,1,1,109,49,1
7,34422914,1,1,98,55,1
7,35881036,1,1,145,76,1
7,38298899,1,1,108,6,1
7,42216041,1,1,72,39,1
7,42719244,1,1,123,61,1
7,42826410,1,1,156,8,1
7,43226067,1,1,90,53,1
7,44023290,1,1,138,10,1
7,44436404,1,1,150,28,1
7,44950648,1,1,20,11,1
7,45419011,1,1,144,7,1
7,45827971,1,1,56,11,1
7,46303102,1,1,134,29,1
7,47423685,1,1,90,42,1
7,48917024,1,1,129,72,1
7,50926591,1,1,120,20,1
7,51271300,1,1,144,77,1
7,51448432,1,1,88,41,1
7,53519520,1,1,88,50,1
7,54873721,1,1,79,42,1
7,56413595,1,1,106,7,1
7,56881002,1,1,72,6,1
7,57552774,1,1,93,31,1
7,57837117,1,1,92,11,1
7,57930500,1,1,139,58,1
7,61171402,1,1,54,7,1
7,62231393,1,1,131,52,1
7,62431457,1,1,142,6,1
7,62705241,1,1,103,41,1
7,63115346,1,1,108,9,1
7,63305242,1,1,104,10,1
7,64385429,1,1,118,53,1
7,65231858,1,1,136,7,1
7,65877620,1,1,96,44,1
7,66375632,1,1,126,11,1
7,66815180,1,1,139,49,1
7,67350012,1,1,102,42,1
7,67605152,1,1,72,10,1
7,67941871,1,1,143,11,1
7,68553524,1,1,123,10,1
7,69931833,1,1,97,42,1
7,69990926,1,1,90,42,1
7,72415701,1,1,81,43,1
7,72699010,1,1,129,6,1
7,73250316,1,1,151,13,1
7,73508263,1,1,111,18,1
7,74536659,1,1,92,37,1
7,75298365,1,1,91,21,1
7,75417929,1,1,136,7,1
7,76159187,1,1,81,5,1
7,76243781,1,1,57,10,1
7,77005363,1,1,161,29,1
7,82120846,1,1,164,21,1
7,82496120,1,1,84,48,1
7,83640555,1,1,156,36,1
7,84498194,1,1,137,61,1
7,84936078,1,1,134,74,1
7,85795654,1,1,99,16,1
7,85857472,1,1,81,34,1
7,86007279,1,1,110,48,1
7,86138683,1,1,125,45,1
7,86165156,1,1,107,30,1
7,87757121,1,1,109,59,1
7,88143548,1,1,67,6,1
7,88405460,1,1,122,44,1
7,88749709,1,1,105,36,1
7,89264116,1,1,134,75,1
7,89493339,1,1,157,21,1
7,89940299,1,1,157,64,1
7,90046768,1,1,122,53,1
7,90163401,1,1,112,44,1
7,91186318,1,1,112,42,1
7,91374958,1,1,167,79,1
7,91905870,1,1,157,18,1
7,92838013,1,1,174,7,1
7,93338242,1,1,130,91,1
7,96276797,1,1,125,48,1
7,96603760,1,1,95,57,1
7,97122630,1,1,139,69,1
7,97177453,1,1,104,48,1
7,97541348,1,1,90,10,1
7,98394807,1,1,120,45,1
7,103386366,1,1,113,56,1
7,103632363,1,1,180,19,1
7,104635314,1,1,125,49,1
7,105057306,1,1,128,29,1
7,106545469,1,1,163,20,1
7,109348316,1,1,127,70,1
7,110107125,1,1,51,5,1
7,110180307,1,1,181,21,1
7,110921220,1,1,61,7,1
7,116686792,1,1,152,40,1
7,117055970,1,1,136,50,1
7,117646710,1,1,96,19,1
7,117789873,1,1,113,52,1
7,118047741,1,1,92,65,1
7,118661363,1,1,74,47,1
7,118977025,1,1,147,44,1
7,119345236,1,1,159,26,1
7,120296523,1,1,130,72,1
7,120311011,1,1,117,35,1
7,120326428,1,1,118,54,1
7,121803290,1,1,162,73,1
7,121904493,1,1,113,53,1
7,123237381,1,1,114,73,1
7,123318737,1,1,99,44,1
7,123503049,1,1,104,49,1
7,125283761,1,1,113,38,1
7,125864768,1,1,84,38,1
7,125942454,1,1,99,53,1
7,126617123,1,1,141,57,1
7,126634406,1,1,91,46,1
7,127164469,1,1,114,58,1
7,130793190,1,1,101,62,1
7,131585422,1,1,95,49,1
7,132464520,1,1,84,41,1
7,132703165,1,1,129,37,1
7,136582408,1,1,153,32,1
7,137237670,1,1,111,38,1
7,137370599,1,1,124,43,1
7,138567000,1,1,114,51,1
7,139211529,1,1,97,40,1
7,141132924,1,1,107,41,1
7,141137880,1,1,72,27,1
7,141392106,1,1,147,58,1
7,141520206,1,1,134,59,1
7,142666049,1,1,104,52,1
7,142741337,1,1,124,50,1
7,143123767,1,1,107,35,1
7,143884437,1,1,80,5,1
7,144301816,1,1,107,54,1
7,144468632,1,1,109,40,1
7,144532805,1,1,105,15,1
7,144618396,1,1,106,44,1
7,144716622,1,1,12,11,1
7,144845182,1,1,92,49,1
7,145315194,1,1,127,55,1
7,145855550,1,1,123,20,1
7,145990894,1,1,144,57,1
7,146647383,1,1,122,57,1
7,146717497,1,1,117,56,1
7,146776422,1,1,84,32,1
7,147231083,1,1,113,69,1
7,147262205,1,1,97,56,1
7,147347653,1,1,131,64,1
7,149808716,1,1,91,8,1
7,149808730,1,1,97,7,1
7,150681328,1,1,123,20,1
7,151276730,1,1,102,46,1
7,151663900,1,1,108,59,1
7,152465295,1,1,169,16,1
7,152963435,1,1,121,60,1
7,153012896,1,1,87,14,1
7,153568729,1,1,89,43,1
7,153729501,1,1,84,39,1
7,153778312,1,1,113,6,1
7,154063573,1,1,108,56,1
7,154166680,1,1,119,39,1
7,154586241,1,1,82,43,1
7,154919956,1,1,133,14,1
7,154999724,1,1,49,7,1
7,155532519,1,1,2,6,1
7,155717314,1,1,94,20,1
7,157525143,1,1,28,9,1
7,157865697,1,1,81,44,1
7,158748652,1,1,89,45,1
7,158970617,1,1,104,51,1
8,52681,1,0,31,5,1
8,315019,1,0,72,61,1
8,927774,1,0,40,29,1
8,1318206,1,0,53,20,1
8,1331335,1,0,47,50,1
8,1335408,1,0,54,49,1
8,1447202,1,0,46,34,1
8,2243712,1,0,107,84,1
8,2694791,1,0,40,67,1
8,2751802,1,0,52,44,1
8,2785619,1,0,82,52,1
8,3000332,1,0,58,52,1
8,3845306,1,0,43,38,1
8,4503351,1,0,52,34,1
8,5673069,1,0,59,56,1
8,5971170,1,0,54,5,1
8,6417327,1,0,66,59,1
8,6773223,1,0,43,43,1
8,7097550,1,0,36,37,1
8,8065651,1,0,42,5,1
8,11073332,1,0,66,48,1
8,11388751,1,0,73,86,1
8,12648405,1,0,49,33,1
8,13785223,1,0,110,9,1
8,14672646,1,0,59,61,1
8,14928208,1,0,62,68,1
8,15034450,1,0,54,53,1
8,15575521,1,0,77,56,1
8,16466132,1,0,69,54,1
8,17857904,1,0,34,52,1
8,18102689,1,0,47,58,1
8,20394777,1,0,53,53,1
8,20492524,1,0,45,41,1
8,20628136,1,0,46,40,1
8,22526410,1,0,51,52,1
8,23574758,1,0,47,20,1
8,24082436,1,0,57,76,1
8,24284412,1,0,66,74,1
8,24337016,1,0,68,54,1
8,25463243,1,0,43,5,1
8,25824490,1,0,63,52,1
8,26077821,1,0,53,35,1
8,27051755,1,0,118,11,1
8,27445914,1,0,36,28,1
8,27478271,1,0,59,30,1
8,28395682,1,0,90,73,1
8,28433840,1,0,100,8,1
8,29252748,1,0,82,8,1
8,30819082,1,0,46,53,1
8,31555755,1,0,52,52,1
8,33019719,1,0,97,31,1
8,34112970,1,0,65,66,1
8,34248942,1,0,54,64,1
8,34496880,1,0,36,46,1
8,34565465,1,0,40,42,1
8,35269740,1,0,66,60,1
8,35879634,1,0,52,52,1
8,36298839,1,0,45,52,1
8,36452126,1,0,68,58,1
8,36806525,1,0,87,64,1
8,37400367,1,0,64,45,1
8,38420021,1,0,52,44,1
8,38829290,1,0,56,64,1
8,42291605,1,0,66,45,1
8,42713183,1,0,67,58,1
8,43516912,1,0,87,33,1
8,47473817,1,0,30,18,1
8,47772878,1,0,35,56,1
8,47917287,1,0,66,60,1
8,49511952,1,0,52,51,1
8,49801882,1,0,75,44,1
8,50756557,1,0,62,56,1
8,51608756,1,0,64,66,1
8,53514717,1,0,73,57,1
8,55498310,1,0,48,60,1
8,55852680,1,0,69,61,1
8,58081715,1,0,84,66,1
8,58251595,1,0,53,39,1
8,60731626,1,0,48,55,1
8,61675113,1,0,46,47,1
8,62061431,1,0,59,53,1
8,62580828,1,0,84,74,1
8,64348046,1,0,98,35,1
8,64612268,1,0,40,7,1
8,64612270,1,0,41,5,1
8,65911197,1,0,97,25,1
8,67072907,1,0,52,53,1
8,68052683,1,0,85,66,1
8,69222645,1,0,64,61,1
8,69276753,1,0,88,6,1
8,70439078,1,0,79,7,1
8,70752721,1,0,55,7,1
8,71824820,1,0,56,36,1
8,72629077,1,0,42,65,1
8,75558539,1,0,56,55,1
8,76027568,1,0,56,48,1
8,76191380,1,0,42,5,1
8,78053911,1,0,126,13,1
8,78858482,1,0,66,34,1
8,79447875,1,0,60,65,1
8,80439898,1,0,63,60,1
8,81654423,1,0,52,43,1
8,84753331,1,0,102,21,1
8,85883652,1,0,53,40,1
8,86148728,1,0,97,30,1
8,86353710,1,0,102,33,1
8,86376063,1,0,30,19,1
8,86404880,1,0,54,59,1
8,87340822,1,0,54,35,1
8,87463982,1,0,37,35,1
8,89438306,1,0,92,32,1
8,91353552,1,0,51,54,1
8,91730744,1,0,57,79,1
8,91742811,1,0,69,54,1
8,92087042,1,0,79,56,1
8,93640920,1,0,55,45,1
8,94128214,1,0,110,8,1
8,95239855,1,0,58,15,1
8,96594241,1,0,77,15,1
8,101793768,1,0,54,46,1
8,102387395,1,0,47,46,1
8,102949175,1,0,78,63,1
8,104881047,1,0,84,72,1
8,105754894,1,0,62,6,1
8,108594965,1,0,65,53,1
8,108813708,1,0,47,58,1
8,109523428,1,0,101,34,1
8,110445103,1,0,79,45,1
8,111443822,1,0,75,68,1
8,111866351,1,0,96,66,1
8,112613933,1,0,52,50,1
8,114321152,1,0,62,61,1
8,114522390,1,0,46,30,1
8,115141566,1,0,73,58,1
8,116617019,1,0,59,44,1
8,117459678,1,0,102,19,1
8,117730956,1,0,36,31,1
8,119218209,1,0,58,44,1
8,121544243,1,0,54,47,1
8,125877571,1,0,15,14,1
8,126656143,1,0,71,51,1
8,127360304,1,0,69,74,1
8,128598581,1,0,45,40,1
8,128804387,1,0,42,42,1
8,129437904,1,0,50,45,1
8,130492988,1,0,44,75,1
8,130632161,1,0,65,55,1
8,131849254,1,0,44,36,1
8,132315655,1,0,69,69,1
8,132624926,1,0,69,50,1
8,132647620,1,0,36,37,1
8,133513713,1,0,51,26,1
8,133656251,1,0,79,57,1
8,134023484,1,0,48,43,1
8,136147338,1,0,52,53,1
8,138614987,1,0,50,53,1
8,139476794,1,0,51,58,1
8,140150458,1,0,46,61,1
8,141645295,1,0,60,65,1
8,141795123,1,0,61,67,1
8,143149865,1,0,24,25,1
8,143230033,1,0,45,41,1
8,143914631,1,0,76,5,1
8,144053460,1,0,49,50,1
8,144726469,1,0,66,13,1
8,144885278,1,0,54,36,1
9,17484,1,1,27,4,1
9,45598,1,1,156,32,1
9,196191,1,1,41,4,1
9,559454,1,1,116,54,1
9,2737838,1,1,83,15,1
9,3449450,1,1,122,59,1
9,3530274,1,1,114,50,1
9,3814900,1,1,102,40,1
9,3883658,1,1,113,63,1
9,4419196,1,1,107,73,1
9,5169399,1,1,155,55,1
9,5562792,1,1,135,59,1
9,6531560,1,1,128,30,1
9,8110994,1,1,105,51,1
9,8542663,1,1,110,54,1
9,8629991,1,1,105,53,1
9,9317909,1,1,101,34,1
9,9935764,1,1,153,12,1
9,10260545,1,1,127,57,1
9,11188755,1,1,74,35,1
9,12587553,1,1,95,48,1
9,14373046,1,1,120,50,1
9,14517657,1,1,86,42,1
9,14668866,1,1,128,7,1
9,14671988,1,1,158,63,1
9,15213843,1,1,160,27,1
9,16950417,1,1,103,45,1
9,17554263,1,1,37,5,1
9,18620970,1,1,138,63,1
9,20229589,1,1,125,67,1
9,21483170,1,1,117,64,1
9,22340727,1,1,146,8,1
9,22350512,1,1,109,9,1
9,23354683,1,1,122,55,1
9,23381307,1,1,150,32,1
9,23530443,1,1,81,39,1
9,23895101,1,1,144,66,1
9,24087368,1,1,155,27,1
9,24842857,1,1,102,57,1
9,25230361,1,1,101,51,1
9,25371564,1,1,133,66,1
9,25904787,1,1,76,65,1
9,26137721,1,1,73,44,1
9,26875176,1,1,123,45,1
9,27830897,1,1,104,40,1
9,29604803,1,1,148,76,1
9,30587051,1,1,142,55,1
9,30879063,1,1,128,61,1
9,32293393,1,1,108,10,1
9,33392500,1,1,87,12,1
9,34364270,1,1,129,9,1
9,34427669,1,1,121,52,1
9,34557975,1,1,98,16,1
9,34685135,1,1,82,38,1
9,35239470,1,1,91,52,1
9,35244946,1,1,110,50,1
9,36572686,1,1,109,59,1
9,39061987,1,1,154,21,1
9,40293075,1,1,155,8,1
9,40293086,1,1,164,8,1
9,40378644,1,1,134,10,1
9,40827534,1,1,78,10,1
9,43139057,1,1,113,13,1
9,43557514,1,1,65,15,1
9,43670113,1,1,150,13,1
9,44759179,1,1,44,4,1
9,44791149,1,1,44,4,1
9,45654547,1,1,107,6,1
9,46340471,1,1,183,7,1
9,46908417,1,1,46,5,1
9,66358484,1,1,39,9,1
9,66554145,1,1,101,9,1
9,67355078,1,1,185,8,1
9,67359649,1,1,167,7,1
9,67624257,1,1,64,6,1
9,67895504,1,1,73,21,1
9,68193806,1,1,228,11,1
9,68203402,1,1,93,5,1
9,68344851,1,1,148,10,1
9,68781151,1,1,195,9,1
9,69091998,1,1,149,11,1
9,69506373,1,1,44,9,1
9,69776032,1,1,104,7,1
9,70562226,1,1,104,7,1
9,70848570,1,1,179,8,1
9,70872333,1,1,57,6,1
9,71007331,1,1,113,26,1
9,71905109,1,1,173,8,1
9,71968072,1,1,109,53,1
9,72031182,1,1,173,7,1
9,72167371,1,1,127,51,1
9,72214095,1,1,129,38,1
9,72333322,1,1,104,48,1
9,74193199,1,1,131,12,1
9,75968505,1,1,143,52,1
9,76874628,1,1,81,5,1
9,77011728,1,1,155,56,1
9,77146884,1,1,105,68,1
9,77457412,1,1,149,49,1
9,77585828,1,1,134,61,1
9,77956091,1,1,146,8,1
9,78353066,1,1,102,42,1
9,78460329,1,1,120,21,1
9,79321156,1,1,138,32,1
9,79659389,1,1,186,9,1
9,80935261,1,1,113,10,1
9,83470924,1,1,107,64,1
9,84532640,1,1,130,49,1
9,84697251,1,1,111,65,1
9,85218564,1,1,113,43,1
9,86102278,1,1,118,69,1
9,88222274,1,1,149,19,1
9,88560510,1,1,130,27,1
9,88762881,1,1,106,57,1
9,89203208,1,1,111,6,1
9,89965629,1,1,163,8,1
9,90340900,1,1,93,56,1
9,90487251,1,1,94,46,1
9,90513616,1,1,140,48,1
9,90555436,1,1,85,7,1
9,90561620,1,1,121,94,1
9,91566847,1,1,74,34,1
9,91962409,1,1,40,14,1
9,92963544,1,1,125,47,1
9,93066845,1,1,102,49,1
9,93880890,1,1,113,63,1
9,95314326,1,1,178,7,1
9,95314331,1,1,176,8,1
9,96194681,1,1,107,55,1
9,97182596,1,1,109,43,1
9,97638095,1,1,126,23,1
9,97767338,1,1,111,45,1
9,98056645,1,1,90,52,1
9,98465690,1,1,66,6,1
9,98895964,1,1,86,43,1
9,98982331,1,1,105,35,1
9,101658195,1,1,122,62,1
9,102166519,1,1,128,42,1
9,102437248,1,1,118,8,1
9,102811128,1,1,119,51,1
9,104501500,1,1,112,32,1
9,105809384,1,1,141,6,1
9,110058021,1,1,98,45,1
9,110300199,1,1,115,35,1
9,110406914,1,1,83,49,1
9,112104705,1,1,95,40,1
9,112891280,1,1,132,52,1
9,114035880,1,1,99,58,1
9,114754457,1,1,100,57,1
9,117270674,1,1,102,48,1
9,117785293,1,1,83,33,1
9,118200187,1,1,80,8,1
9,118627298,1,1,69,34,1
9,121836143,1,1,145,62,1
9,121923241,1,1,147,32,1
9,122015424,1,1,129,46,1
9,122183100,1,1,86,64,1
9,122896660,1,1,113,59,1
9,124262403,1,1,105,41,1
9,124631235,1,1,151,13,1
9,125306006,1,1,131,51,1
9,125833075,1,1,174,18,1
9,126787046,1,1,125,48,1
9,128204839,1,1,90,31,1
9,128820524,1,1,110,18,1
9,130607325,1,1,106,64,1
9,134183359,1,1,98,43,1
9,134720305,1,1,122,46,1
9,136317298,1,1,80,46,1
9,136744680,1,1,83,34,1
9,137582089,1,1,74,25,1
9,137643274,1,1,90,38,1
9,137870829,1,1,20,13,1
9,138000205,1,1,104,34,1
10,449377,1,1,20,6,1
10,2334935,1,1,120,62,1
10,2845829,1,1,147,85,1
10,4032902,1,1,129,70,1
10,7669993,1,1,93,18,1
10,7914709,1,1,161,77,1
10,8279693,1,1,88,39,1
10,8305807,1,1,127,15,1
10,10102833,1,1,159,22,1
10,10203808,1,1,111,49,1
10,10529324,1,1,118,80,1
10,11258233,1,1,171,32,1
10,11555895,1,1,109,44,1
10,12352780,1,1,138,27,1
10,14478001,1,1,89,39,1
10,16150405,1,1,91,46,1
10,18844169,1,1,160,19,1
10,19937182,1,1,120,57,1
10,20355922,1,1,136,53,1
10,20827897,1,1,132,6,1
10,21507153,1,1,136,58,1
10,23259347,1,1,144,33,1
10,23745934,1,1,121,9,1
10,23745936,1,1,124,9,1
10,24945905,1,1,133,8,1
10,25016787,1,1,106,56,1
10,25310678,1,1,144,60,1
10,25851168,1,1,115,51,1
10,26504420,1,1,97,37,1
10,26688995,1,1,93,47,1
10,27616748,1,1,116,60,1
10,27731854,1,1,109,7,1
10,31239612,1,1,129,6,1
10,31898983,1,1,152,71,1
10,32300297,1,1,116,70,1
10,32742784,1,1,150,60,1
10,32807575,1,1,165,80,1
10,32983163,1,1,175,64,1
10,33080328,1,1,128,46,1
10,34369844,1,1,105,39,1
10,34920226,1,1,91,49,1
10,35136440,1,1,91,35,1
10,35426193,1,1,153,83,1
10,36370754,1,1,106,59,1
10,36654154,1,1,90,50,1
10,37309410,1,1,130,64,1
10,37372624,1,1,88,50,1
10,37442246,1,1,204,11,1
10,37518602,1,1,118,56,1
10,38071925,1,1,83,57,1
10,38610069,1,1,140,7,1
10,38800332,1,1,129,44,1
10,38961701,1,1,142,9,1
10,42711218,1,1,77,8,1
10,44320642,1,1,104,47,1
10,45201534,1,1,110,43,1
10,45293695,1,1,127,53,1
10,45617228,1,1,100,40,1
10,46339187,1,1,33,4,1
10,46762165,1,1,71,6,1
10,47264409,1,1,47,6,1
10,47706688,1,1,59,5,1
10,48864220,1,1,50,6,1
10,48953089,1,1,143,7,1
10,49757464,1,1,85,32,1
10,49778974,1,1,97,61,1
10,49838500,1,1,144,75,1
10,50837287,1,1,96,42,1
10,51242557,1,1,45,5,1
10,51784165,1,1,79,6,1
10,51863455,1,1,42,6,1
10,52103366,1,1,95,46,1
10,52241419,1,1,120,48,1
10,53376638,1,1,90,10,1
10,53518487,1,1,106,17,1
10,55625689,1,1,148,69,1
10,55672770,1,1,104,58,1
10,56003479,1,1,121,57,1
10,56425051,1,1,101,53,1
10,57293661,1,1,140,28,1
10,57381246,1,1,128,31,1
10,58080564,1,1,128,75,1
10,58557482,1,1,107,65,1
10,58883325,1,1,152,64,1
10,59977334,1,1,48,29,1
10,60752225,1,1,135,65,1
10,61484157,1,1,91,34,1
10,62527693,1,1,126,13,1
10,63353326,1,1,127,47,1
10,64079182,1,1,148,27,1
10,65249941,1,1,107,48,1
10,65960369,1,1,156,10,1
10,66421153,1,1,159,66,1
10,66585732,1,1,87,35,1
10,66673103,1,1,143,73,1
10,67974972,1,1,114,43,1
10,68105925,1,1,98,22,1
10,68389558,1,1,93,30,1
10,69236279,1,1,93,44,1
10,70829998,1,1,95,44,1
10,71454518,1,1,92,49,1
10,71489550,1,1,108,39,1
10,74949255,1,1,179,69,1
10,75137535,1,1,56,7,1
10,76178058,1,1,149,60,1
10,76259137,1,1,137,51,1
10,76779842,1,1,121,60,1
10,76965866,1,1,86,44,1
10,77024157,1,1,128,13,1
10,77543107,1,1,127,49,1
10,78014101,1,1,101,7,1
10,78432641,1,1,91,53,1
10,78836592,1,1,116,61,1
10,79210100,1,1,106,52,1
10,81468613,1,1,47,22,1
10,81544316,1,1,130,50,1
10,81632650,1,1,137,7,1
10,81998774,1,1,64,10,1
10,82039533,1,1,134,8,1
10,82039535,1,1,134,7,1
10,83120734,1,1,121,23,1
10,83185999,1,1,93,64,1
10,83321741,1,1,99,55,1
10,84051618,1,1,136,59,1
10,85012837,1,1,109,54,1
10,85564802,1,1,122,10,1
10,86044546,1,1,141,6,1
10,86742368,1,1,122,30,1
10,87466400,1,1,113,28,1
10,87607307,1,1,147,61,1
10,87991893,1,1,85,44,1
10,92726261,1,1,139,53,1
10,94434003,1,1,162,9,1
10,94554006,1,1,126,37,1
10,94980453,1,1,71,39,1
10,95038922,1,1,109,49,1
10,97908950,1,1,121,65,1
10,98056038,1,1,127,24,1
10,101278520,1,1,87,60,1
10,103327188,1,1,135,52,1
10,103389087,1,1,103,49,1
10,104040332,1,1,105,64,1
10,104192003,1,1,91,47,1
10,105339895,1,1,96,62,1
10,106290938,1,1,115,60,1
10,107227263,1,1,102,10,1
10,107247709,1,1,98,56,1
10,108888667,1,1,143,10,1
10,109061298,1,1,110,50,1
10,109613173,1,1,121,58,1
10,109915438,1,1,123,67,1
10,110138710,1,1,129,56,1
10,110363749,1,1,153,28,1
10,111922156,1,1,132,11,1
10,112521985,1,1,95,61,1
10,114762509,1,1,119,25,1
10,118407011,1,1,129,21,1
10,118763641,1,1,97,45,1
10,119507673,1,1,96,52,1
10,119512984,1,1,83,10,1
10,121996066,1,1,101,7,1
10,124740256,1,1,18,12,1
10,124898724,1,1,95,54,1
10,126188086,1,1,114,48,1
10,127516142,1,1,171,11,1
10,127904436,1,1,129,20,1
10,128255521,1,1,72,34,1
10,129265672,1,1,98,37,1
10,130721436,1,1,104,40,1
10,131671661,1,1,94,46,1
10,131731054,1,1,98,35,1
10,132444683,1,1,114,50,1
10,132486467,1,1,100,7,1
10,132855798,1,1,97,57,1
10,133342979,1,1,74,27,1
10,133656613,1,1,81,6,1
10,133937146,1,1,102,54,1
10,134486245,1,1,82,36,1
10,134566898,1,1,96,38,1
10,134966049,1,1,68,18,1
10,135236154,1,1,90,53,1
11,1405167,1,0,97,20,1
11,5321349,1,0,140,38,1
11,5812948,1,0,127,45,1
11,6209819,1,0,155,8,1
11,6459449,1,0,64,42,1
11,8006988,1,0,78,36,1
11,8215315,1,0,85,37,1
11,8946237,1,0,79,47,1
11,9335732,1,0,117,26,1
11,11122198,1,0,134,49,1
11,11546194,1,0,105,31,1
11,12436198,1,0,132,18,1
11,14298663,1,0,121,36,1
11,14650206,1,0,117,7,1
11,15279364,1,0,67,8,1
11,15830179,1,0,103,44,1
11,16664030,1,0,105,55,1
11,16970923,1,0,75,35,1
11,18057938,1,0,165,7,1
11,18207818,1,0,120,47,1
11,19168101,1,0,148,65,1
11,20570267,1,0,58,11,1
11,20622926,1,0,97,23,1
11,20759870,1,0,74,28,1
11,21298942,1,0,69,5,1
11,21686072,1,0,132,30,1
11,22265909,1,0,76,59,1
11,22931752,1,0,99,6,1
11,24637861,1,0,91,49,1
11,24864969,1,0,138,41,1
11,25164992,1,0,80,5,1
11,25209325,1,0,131,43,1
11,25684497,1,0,89,25,1
11,25874960,1,0,71,19,1
11,27929800,1,0,89,66,1
11,29974636,1,0,116,32,1
11,30017352,1,0,142,37,1
11,30869141,1,0,125,28,1
11,32859912,1,0,107,41,1
11,33282165,1,0,125,85,1
11,34145562,1,0,88,48,1
11,34575852,1,0,167,38,1
11,37691418,1,0,122,69,1
11,39142708,1,0,77,32,1
11,39364392,1,0,69,43,1
11,39655053,1,0,110,31,1
11,39888599,1,0,107,39,1
11,40095864,1,0,104,49,1
11,40460170,1,0,83,42,1
11,40523954,1,0,85,33,1
11,40810629,1,0,83,10,1
11,41053835,1,0,119,33,1
11,41407510,1,0,181,8,1
11,41827702,1,0,97,18,1
11,42086500,1,0,111,64,1
11,42090948,1,0,93,33,1
11,42301745,1,0,143,39,1
11,42846760,1,0,117,53,1
11,43739770,1,0,67,49,1
11,44551141,1,0,77,39,1
11,48531019,1,0,104,56,1
11,48838164,1,0,158,39,1
11,49809231,1,0,135,40,1
11,49836992,1,0,125,33,1
11,49877331,1,0,96,17,1
11,50139726,1,0,60,10,1
11,51250264,1,0,133,49,1
11,55173211,1,0,114,51,1
11,55400853,1,0,75,14,1
11,55838571,1,0,122,59,1
11,57382083,1,0,81,46,1
11,57610224,1,0,107,38,1
11,58032252,1,0,93,69,1
11,58033335,1,0,135,14,1
11,58804630,1,0,89,30,1
11,58903879,1,0,116,25,1
11,59902340,1,0,105,22,1
11,60341388,1,0,187,64,1
11,60482517,1,0,77,36,1
11,63540060,1,0,76,45,1
11,65310435,1,0,89,8,1
11,65952949,1,0,83,46,1
11,66235844,1,0,80,45,1
11,66505452,1,0,94,42,1
11,67759384,1,0,100,12,1
11,70300591,1,0,65,47,1
11,71367593,1,0,138,7,1
11,71449744,1,0,98,7,1
11,72245733,1,0,104,37,1
11,73392043,1,0,92,49,1
11,74592521,1,0,131,7,1
11,75111000,1,0,94,47,1
11,75501958,1,0,87,39,1
11,76117449,1,0,100,54,1
11,79068231,1,0,96,17,1
11,82277775,1,0,94,37,1
11,84676854,1,0,110,17,1
11,86666914,1,0,93,53,1
11,86790297,1,0,128,24,1
11,87132386,1,0,105,56,1
11,87626292,1,0,112,59,1
11,87636781,1,0,114,25,1
11,87872390,1,0,112,40,1
11,88727447,1,0,179,11,1
11,88895125,1,0,131,71,1
11,89319765,1,0,110,78,1
11,89516250,1,0,178,8,1
11,90647442,1,0,117,37,1
11,90690750,1,0,85,50,1
11,90729722,1,0,94,62,1
11,91184179,1,0,102,26,1
11,92040477,1,0,131,32,1
11,92556370,1,0,99,18,1
11,93680901,1,0,25,6,1
11,94592519,1,0,116,38,1
11,95493211,1,0,129,44,1
11,95672736,1,0,63,40,1
11,96835228,1,0,101,26,1
11,97027428,1,0,134,60,1
11,97320543,1,0,105,26,1
11,97620322,1,0,115,35,1
11,98019464,1,0,125,64,1
11,98104037,1,0,156,42,1
11,98751630,1,0,102,38,1
11,99634079,1,0,169,39,1
11,99678721,1,0,141,29,1
11,100954689,1,0,99,25,1
11,101183712,1,0,122,46,1
11,101273435,1,0,107,27,1
11,101397997,1,0,102,45,1
11,103160171,1,0,95,49,1
11,104601464,1,0,141,40,1
11,106518090,1,0,135,47,1
11,107292876,1,0,102,45,1
11,107629912,1,0,69,26,1
11,109316504,1,0,117,41,1
11,109663955,1,0,114,58,1
11,111014906,1,0,130,37,1
11,111549494,1,0,119,73,1
11,113453241,1,0,89,16,1
11,116073403,1,0,98,40,1
11,116083555,1,0,94,55,1
11,116142986,1,0,80,32,1
11,118138200,1,0,98,64,1
11,118257703,1,0,103,60,1
11,118412410,1,0,126,29,1
11,120417148,1,0,63,46,1
11,120501604,1,0,101,32,1
11,121885326,1,0,100,38,1
11,123911109,1,0,134,71,1
11,124148709,1,0,129,20,1
11,124212158,1,0,83,12,1
11,124395332,1,0,128,66,1
11,124785456,1,0,123,8,1
11,124785587,1,0,140,7,1
11,125860756,1,0,125,16,1
11,126047506,1,0,92,20,1
11,126145930,1,0,77,26,1
11,126987984,1,0,121,37,1
11,127384604,1,0,116,39,1
11,131863113,1,0,71,46,1
11,131886258,1,0,105,58,1
11,132885330,1,0,62,7,1
11,133274883,1,0,116,34,1
11,133488804,1,0,80,39,1
11,133587784,1,0,64,16,1
11,133806706,1,0,85,18,1
11,134101031,1,0,96,51,1
11,134865171,1,0,116,48,1
12,348428,1,0,38,10,1
12,2711721,1,0,95,17,1
12,3479216,1,0,98,8,1
12,4092047,1,0,47,37,1
12,4912078,1,0,105,57,1
12,5444464,1,0,98,33,1
12,5792122,1,0,85,18,1
12,5897744,1,0,96,21,1
12,6092617,1,0,104,19,1
12,10109934,1,0,90,24,1
12,11569746,1,0,101,28,1
12,12389185,1,0,130,10,1
12,13545971,1,0,3,3,1
12,13659775,1,0,104,25,1
12,16612387,1,0,117,34,1
12,17077434,1,0,81,50,1
12,17735609,1,0,117,76,1
12,17817455,1,0,120,29,1
12,17901424,1,0,92,38,1
12,18093447,1,0,99,73,1
12,19749001,1,0,64,31,1
12,20113230,1,0,95,57,1
12,22066944,1,0,155,30,1
12,23260474,1,0,90,51,1
12,24060818,1,0,126,35,1
12,24908583,1,0,118,27,1
12,27590161,1,0,116,27,1
12,27823881,1,0,95,62,1
12,28892969,1,0,87,40,1
12,30330772,1,0,109,15,1
12,30693522,1,0,88,38,1
12,30913511,1,0,90,79,1
12,31188612,1,0,77,18,1
12,33090424,1,0,101,8,1
12,34487692,1,0,73,46,1
12,37977243,1,0,93,21,1
12,39173610,1,0,159,51,1
12,39483634,1,0,133,7,1
12,42028893,1,0,96,50,1
12,42569869,1,0,63,38,1
12,43150145,1,0,139,39,1
12,44894136,1,0,77,33,1
12,45346229,1,0,110,6,1
12,45484389,1,0,174,44,1
12,48286713,1,0,76,46,1
12,48725972,1,0,95,6,1
12,48727109,1,0,41,7,1
12,49297649,1,0,90,44,1
12,52321680,1,0,111,34,1
12,52446090,1,0,40,9,1
12,52687970,1,0,92,32,1
12,52788909,1,0,50,43,1
12,53094853,1,0,99,20,1
12,53752608,1,0,99,46,1
12,53761342,1,0,148,31,1
12,53845772,1,0,61,32,1
12,55018734,1,0,58,10,1
12,57569113,1,0,93,8,1
12,58726456,1,0,83,9,1
12,59841079,1,0,137,19,1
12,60403597,1,0,97,14,1
12,61198390,1,0,105,60,1
12,61813601,1,0,112,8,1
12,61915375,1,0,98,23,1
12,62746732,1,0,150,33,1
12,62966844,1,0,96,66,1
12,63332417,1,0,73,40,1
12,64115127,1,0,143,11,1
12,65278639,1,0,126,27,1
12,65823114,1,0,61,42,1
12,67166309,1,0,112,30,1
12,68121125,1,0,77,53,1
12,68138074,1,0,123,29,1
12,70034167,1,0,88,18,1
12,70201285,1,0,92,11,1
12,71511984,1,0,98,7,1
12,72553280,1,0,116,27,1
12,72748593,1,0,110,45,1
12,73845115,1,0,115,7,1
12,74911746,1,0,114,21,1
12,75931784,1,0,103,25,1
12,76974651,1,0,64,14,1
12,80239432,1,0,97,22,1
12,81598031,1,0,80,53,1
12,81624250,1,0,113,30,1
12,82033647,1,0,111,31,1
12,82090793,1,0,103,61,1
12,82553966,1,0,81,58,1
12,82852665,1,0,67,30,1
12,82958692,1,0,112,11,1
12,83054646,1,0,78,50,1
12,83188288,1,0,78,25,1
12,83243627,1,0,89,26,1
12,83319035,1,0,117,17,1
12,83343575,1,0,105,49,1
12,83459500,1,0,103,36,1
12,83734327,1,0,78,34,1
12,83771444,1,0,101,20,1
12,84176224,1,0,121,34,1
12,85045688,1,0,103,38,1
12,85307422,1,0,87,51,1
12,85357617,1,0,119,24,1
12,86097645,1,0,122,69,1
12,86516318,1,0,105,68,1
12,88076701,1,0,115,6,1
12,88962369,1,0,175,8,1
12,89612795,1,0,112,22,1
12,90383707,1,0,69,46,1
12,90672231,1,0,77,55,1
12,90992258,1,0,111,53,1
12,91690440,1,0,169,26,1
12,92776780,1,0,94,66,1
12,93310571,1,0,37,7,1
12,93310579,1,0,37,5,1
12,93835421,1,0,73,39,1
12,95513803,1,0,93,18,1
12,95830237,1,0,123,15,1
12,96911528,1,0,105,28,1
12,96956194,1,0,76,24,1
12,97079747,1,0,108,27,1
12,97611301,1,0,124,23,1
12,98099198,1,0,61,6,1
12,98415143,1,0,115,20,1
12,99024760,1,0,104,38,1
12,100988000,1,0,143,48,1
12,102679691,1,0,89,70,1
12,105612314,1,0,115,21,1
12,105936244,1,0,85,47,1
12,106272195,1,0,130,24,1
12,106629878,1,0,101,31,1
12,106768180,1,0,95,53,1
12,106994218,1,0,103,8,1
12,108368822,1,0,135,33,1
12,108402388,1,0,106,17,1
12,108744777,1,0,117,38,1
12,109632399,1,0,23,19,1
12,109883905,1,0,95,59,1
12,111311193,1,0,117,26,1
12,111417414,1,0,121,42,1
12,111756485,1,0,106,26,1
12,113597099,1,0,76,55,1
12,113834587,1,0,63,19,1
12,114289910,1,0,101,50,1
12,115652786,1,0,114,83,1
12,115689551,1,0,70,21,1
12,116584898,1,0,84,57,1
12,117063812,1,0,65,43,1
12,118254396,1,0,84,19,1
12,118542129,1,0,78,51,1
12,119286868,1,0,108,25,1
12,119722452,1,0,113,39,1
12,122604309,1,0,95,39,1
12,125644782,1,0,80,22,1
12,126001205,1,0,74,46,1
12,127086356,1,0,65,56,1
12,127097769,1,0,85,27,1
12,127654482,1,0,81,45,1
12,127817491,1,0,121,23,1
12,128175862,1,0,84,55,1
12,128310987,1,0,43,47,1
12,128517105,1,0,111,16,1
12,128931177,1,0,72,56,1
12,128981863,1,0,93,18,1
12,129125910,1,0,103,19,1
12,129199222,1,0,91,17,1
12,129254103,1,0,105,19,1
12,132061640,1,0,66,6,1
12,132167217,1,0,59,42,1
12,133139813,1,0,3,5,1
12,133672110,1,0,32,5,1
12,133672111,1,0,32,5,1
13,20016552,1,1,146,62,1
13,20431020,1,1,72,17,1
13,21237761,1,1,149,65,1
13,22832804,1,1,136,79,1
13,22861745,1,1,95,30,1
13,23040046,1,1,163,29,1
13,23394913,1,1,98,12,1
13,23777201,1,1,141,28,1
13,24995256,1,1,137,10,1
13,26727077,1,1,79,35,1
13,27875881,1,1,145,12,1
13,29228432,1,1,134,64,1
13,30760287,1,1,121,57,1
13,32732185,1,1,151,80,1
13,32844992,1,1,110,68,1
13,33777340,1,1,104,8,1
13,35055881,1,1,147,8,1
13,35157449,1,1,122,58,1
13,35276374,1,1,122,14,1
13,37097547,1,1,139,63,1
13,38902992,1,1,144,51,1
13,39441837,1,1,97,35,1
13,41300322,1,1,137,60,1
13,41440025,1,1,112,6,1
13,42433141,1,1,119,37,1
13,42707201,1,1,123,63,1
13,43436626,1,1,99,38,1
13,43955620,1,1,220,14,1
13,43989900,1,1,117,21,1
13,44862482,1,1,105,62,1
13,47543776,1,1,104,22,1
13,47581368,1,1,134,72,1
13,48306486,1,1,113,6,1
13,48382058,1,1,102,35,1
13,48856380,1,1,106,36,1
13,49780661,1,1,131,55,1
13,50454178,1,1,87,42,1
13,50988020,1,1,107,54,1
13,51309780,1,1,135,69,1
13,51343477,1,1,123,53,1
13,51920472,1,1,103,40,1
13,53119525,1,1,61,7,1
13,53152293,1,1,141,9,1
13,54750203,1,1,89,36,1
13,55087847,1,1,154,65,1
13,55326488,1,1,120,57,1
13,55447557,1,1,113,64,1
13,56922361,1,1,143,8,1
13,57190588,1,1,143,61,1
13,57214443,1,1,111,55,1
13,57374154,1,1,147,65,1
13,57507975,1,1,94,9,1
13,59018906,1,1,109,44,1
13,59247656,1,1,73,9,1
13,61892916,1,1,124,56,1
13,62504949,1,1,127,26,1
13,63566380,1,1,96,11,1
13,64098622,1,1,128,52,1
13,64598551,1,1,188,9,1
13,64679439,1,1,115,50,1
13,65060068,1,1,112,62,1
13,65238234,1,1,135,55,1
13,65407215,1,1,103,58,1
13,65563090,1,1,138,71,1
13,65707235,1,1,144,24,1
13,65952695,1,1,129,54,1
13,66106578,1,1,145,52,1
13,66212251,1,1,154,30,1
13,67661434,1,1,106,69,1
13,68568686,1,1,119,19,1
13,69271192,1,1,130,57,1
13,69666995,1,1,101,52,1
13,69969820,1,1,161,55,1
13,71453870,1,1,130,34,1
13,71619105,1,1,132,64,1
13,71962026,1,1,157,8,1
13,71992362,1,1,119,16,1
13,74507502,1,1,131,67,1
13,74869989,1,1,148,31,1
13,75844051,1,1,109,53,1
13,76207015,1,1,51,8,1
13,78070385,1,1,177,34,1
13,78200139,1,1,172,21,1
13,78893164,1,1,114,49,1
13,79053298,1,1,118,48,1
13,79549653,1,1,150,27,1
13,79553363,1,1,104,53,1
13,82291762,1,1,157,74,1
13,83169408,1,1,88,14,1
13,83479322,1,1,109,31,1
13,84203329,1,1,90,39,1
13,85081970,1,1,92,41,1
13,85195979,1,1,95,44,1
13,86141070,1,1,110,52,1
13,88215046,1,1,136,65,1
13,88552093,1,1,121,68,1
13,88808659,1,1,89,48,1
13,89742036,1,1,145,8,1
13,91288815,1,1,121,46,1
13,92586043,1,1,170,61,1
13,94057263,1,1,142,56,1
13,94088177,1,1,110,44,1
13,94775112,1,1,142,80,1
13,95628959,1,1,115,59,1
13,96559466,1,1,89,58,1
13,96743298,1,1,91,32,1
13,98238786,1,1,108,33,1
13,98794400,1,1,108,31,1
13,103073664,1,1,118,46,1
13,103786761,1,1,126,51,1
13,103833154,1,1,88,34,1
13,104559899,1,1,92,36,1
13,106361089,1,1,101,53,1
13,106866701,1,1,79,8,1
13,107289025,1,1,94,44,1
13,107690300,1,1,134,62,1
13,107928202,1,1,109,44,1
13,108926470,1,1,138,72,1
13,109545925,1,1,119,51,1
13,110428267,1,1,79,37,1
13,110443649,1,1,97,42,1
13,112164928,1,1,101,40,1
13,112945950,1,1,28,9,1
13,113816286,1,1,17,9,1
13,114321371,1,1,108,52,1
13,114444322,1,1,101,44,1
13,114864460,1,1,56,6,1
14,19975938,1,1,26,8,1
14,21255577,1,1,146,70,1
14,23697951,1,1,115,69,1
14,24026114,1,1,100,42,1
14,24263149,1,1,181,68,1
14,24512654,1,1,120,49,1
14,24550430,1,1,145,28,1
14,25208059,1,1,112,41,1
14,25215632,1,1,108,26,1
14,25343940,1,1,121,46,1
14,25601801,1,1,130,28,1
14,26364318,1,1,120,57,1
14,26478878,1,1,106,19,1
14,27025066,1,1,144,61,1
14,27674400,1,1,141,65,1
14,28288230,1,1,137,8,1
14,28290317,1,1,175,9,1
14,28538211,1,1,118,68,1
14,28679310,1,1,107,66,1
14,28717969,1,1,147,53,1
14,29349173,1,1,148,20,1
14,30004546,1,1,80,31,1
14,30154319,1,1,110,51,1
14,30389266,1,1,88,9,1
14,30626115,1,1,124,54,1
14,34360105,1,1,139,63,1
14,34819876,1,1,106,26,1
14,34819884,1,1,111,23,1
14,36079060,1,1,82,45,1
14,36615936,1,1,159,20,1
14,36933197,1,1,171,25,1
14,37458665,1,1,114,53,1
14,37769241,1,1,85,38,1
14,38153946,1,1,110,58,1
14,41361102,1,1,135,44,1
14,41421728,1,1,147,8,1
14,42020557,1,1,115,47,1
14,42332565,1,1,136,56,1
14,42610436,1,1,83,12,1
14,44125941,1,1,124,63,1
14,44359949,1,1,122,55,1
14,44745947,1,1,147,8,1
14,45169397,1,1,87,40,1
14,45549505,1,1,128,38,1
14,46101111,1,1,88,47,1
14,48276128,1,1,103,43,1
14,50304100,1,1,123,57,1
14,51895694,1,1,44,7,1
14,53890597,1,1,83,33,1
14,53907679,1,1,147,53,1
14,54206281,1,1,105,64,1
14,56983992,1,1,120,58,1
14,57421189,1,1,90,52,1
14,57506136,1,1,94,48,1
14,57612359,1,1,96,18,1
14,57953102,1,1,123,49,1
14,58276639,1,1,99,54,1
14,58432071,1,1,92,34,1
14,58854073,1,1,67,22,1
14,58858909,1,1,79,33,1
14,60664823,1,1,108,38,1
14,61431343,1,1,104,53,1
14,62846817,1,1,142,62,1
14,63506800,1,1,125,47,1
14,63537697,1,1,139,60,1
14,64776996,1,1,130,24,1
14,65168908,1,1,135,62,1
14,65957572,1,1,136,61,1
14,66150679,1,1,161,83,1
14,66189094,1,1,89,47,1
14,67725288,1,1,95,45,1
14,69499843,1,1,98,42,1
14,72219333,1,1,109,44,1
14,73782894,1,1,126,48,1
14,75296209,1,1,127,59,1
14,75872877,1,1,129,54,1
14,76127785,1,1,139,55,1
14,78082292,1,1,120,49,1
14,79582522,1,1,101,44,1
14,79594522,1,1,133,7,1
14,79643978,1,1,146,29,1
14,81089001,1,1,181,12,1
14,81640916,1,1,122,14,1
14,82326853,1,1,87,19,1
14,83710649,1,1,112,48,1
14,85037580,1,1,97,49,1
14,86538135,1,1,90,15,1
14,86707360,1,1,91,36,1
14,86959551,1,1,150,47,1
14,87053281,1,1,121,76,1
14,87110775,1,1,131,68,1
14,87334505,1,1,142,49,1
14,89659967,1,1,142,16,1
14,89874901,1,1,101,41,1
14,90457989,1,1,133,67,1
14,91292401,1,1,117,44,1
14,91909745,1,1,123,55,1
14,94008782,1,1,122,50,1
14,94256930,1,1,136,21,1
14,97812550,1,1,106,23,1
14,98484776,1,1,110,7,1
14,98765606,1,1,125,42,1
14,98803797,1,1,112,51,1
14,99789326,1,1,96,45,1
14,100533446,1,1,98,39,1
14,101347402,1,1,93,37,1
14,102131467,1,1,133,51,1
14,102899786,1,1,113,59,1
14,104016663,1,1,111,68,1
14,104174623,1,1,115,54,1
14,105675554,1,1,152,10,1
14,106108823,1,1,17,5,1
14,106362639,1,1,93,6,1
14,106379624,1,1,57,6,1
14,106595591,1,1,124,6,1
14,106596754,1,1,124,8,1
14,106604493,1,1,81,6,1
14,106612955,1,1,99,6,1
14,106612991,1,1,100,9,1
14,106613844,1,1,92,6,1
14,106667592,1,1,77,8,1
14,106669212,1,1,81,9,1
14,106682562,1,1,94,17,1
14,106693169,1,1,116,8,1
14,106855229,1,1,103,15,1
14,107050574,1,1,112,6,1
15,20023643,1,1,77,6,1
15,20245003,1,1,63,28,1
15,20539896,1,1,126,9,1
15,20834478,1,1,70,5,1
15,21148266,1,1,92,42,1
15,21394730,1,1,59,5,1
15,21394773,1,1,42,5,1
15,22153740,1,1,80,5,1
15,22302108,1,1,61,16,1
15,24454777,1,1,101,43,1
15,24523870,1,1,167,7,1
15,24674814,1,1,184,12,1
15,25312225,1,1,73,45,1
15,25610885,1,1,79,27,1
15,26045440,1,1,93,44,1
15,26087249,1,1,93,20,1
15,26091631,1,1,85,36,1
15,26095681,1,1,83,35,1
15,26513596,1,1,92,30,1
15,26764215,1,1,91,37,1
15,26846588,1,1,131,51,1
15,27684623,1,1,115,35,1
15,27690148,1,1,81,46,1
15,27743627,1,1,129,66,1
15,28491863,1,1,111,48,1
15,28809561,1,1,120,7,1
15,29250995,1,1,116,43,1
15,30002167,1,1,98,41,1
15,30453202,1,1,76,5,1
15,32096662,1,1,88,48,1
15,32158725,1,1,111,65,1
15,32188595,1,1,114,56,1
15,33196113,1,1,114,22,1
15,33860410,1,1,120,19,1
15,33987599,1,1,130,33,1
15,34703040,1,1,25,6,1
15,35457796,1,1,146,77,1
15,35536024,1,1,104,33,1
15,36146503,1,1,125,45,1
15,36721199,1,1,106,39,1
15,38314291,1,1,129,54,1
15,40193809,1,1,119,52,1
15,40738803,1,1,135,64,1
15,41650042,1,1,154,30,1
15,41809073,1,1,148,12,1
15,41912252,1,1,164,17,1
15,42127365,1,1,99,43,1
15,43063233,1,1,115,43,1
15,44509380,1,1,117,25,1
15,45705024,1,1,113,53,1
15,46251294,1,1,130,61,1
15,46684626,1,1,128,49,1
15,47269897,1,1,131,51,1
15,48390885,1,1,109,47,1
15,48950253,1,1,107,56,1
15,50583206,1,1,118,63,1
15,50956271,1,1,98,38,1
15,51215293,1,1,113,60,1
15,53406540,1,1,134,56,1
15,53499316,1,1,172,14,1
15,53953737,1,1,113,56,1
15,54472055,1,1,124,66,1
15,54954952,1,1,96,52,1
15,56603889,1,1,117,6,1
15,57864032,1,1,110,42,1
15,59419349,1,1,139,63,1
15,59607712,1,1,97,39,1
15,60659144,1,1,97,11,1
15,61847944,1,1,114,44,1
15,62966729,1,1,104,54,1
15,63913922,1,1,129,48,1
15,66345628,1,1,106,46,1
15,68303597,1,1,133,60,1
15,68446018,1,1,138,54,1
15,68918393,1,1,122,61,1
15,69152130,1,1,153,9,1
15,71704807,1,1,120,30,1
15,72832648,1,1,95,33,1
15,73234431,1,1,93,60,1
15,75004030,1,1,111,48,1
15,75592652,1,1,114,7,1
15,75593147,1,1,96,7,1
15,76007657,1,1,130,7,1
15,76710087,1,1,129,50,1
15,78288399,1,1,151,8,1
15,79280230,1,1,105,49,1
15,79841602,1,1,100,58,1
15,81457556,1,1,105,40,1
15,82144780,1,1,120,46,1
15,82362080,1,1,106,12,1
15,82505936,1,1,127,53,1
15,84144130,1,1,96,51,1
15,85053033,1,1,25,9,1
15,85069463,1,1,166,11,1
15,85449098,1,1,92,19,1
15,85793714,1,1,42,4,1
15,86110094,1,1,111,46,1
15,86519566,1,1,112,47,1
15,86747695,1,1,92,31,1
15,87069985,1,1,143,27,1
15,87202836,1,1,101,53,1
15,87476411,1,1,131,54,1
15,87480954,1,1,149,37,1
15,88327806,1,1,123,19,1
15,88338357,1,1,94,38,1
15,88927500,1,1,106,63,1
15,90684907,1,1,95,33,1
15,91484987,1,1,87,34,1
15,91987861,1,1,129,46,1
15,92656519,1,1,115,48,1
15,96240614,1,1,99,60,1
15,96949533,1,1,77,36,1
15,98450873,1,1,98,38,1
15,98845078,1,1,100,8,1
15,99047276,1,1,110,43,1
15,101027531,1,1,184,24,1
16,68052,1,0,66,7,1
16,620866,1,0,109,25,1
16,631849,1,0,102,10,1
16,898280,1,0,96,19,1
16,2512371,1,0,82,43,1
16,2848499,1,0,102,23,1
16,4038506,1,0,38,10,1
16,5429060,1,0,125,17,1
16,5466434,1,0,95,48,1
16,6336197,1,0,104,12,1
16,7270577,1,0,96,26,1
16,7492779,1,0,85,20,1
16,7566053,1,0,72,24,1
16,7617637,1,0,66,6,1
16,7626846,1,0,78,44,1
16,7661300,1,0,90,46,1
16,7822100,1,0,100,64,1
16,10983872,1,0,107,50,1
16,11959479,1,0,96,77,1
16,13041093,1,0,107,39,1
16,13679982,1,0,56,30,1
16,13825953,1,0,105,19,1
16,14683559,1,0,95,43,1
16,15220166,1,0,42,8,1
16,15220704,1,0,102,7,1
16,15549095,1,0,78,13,1
16,15802259,1,0,100,23,1
16,16562864,1,0,225,8,1
16,16917937,1,0,87,41,1
16,18296061,1,0,116,8,1
16,19008236,1,0,66,43,1
16,20467133,1,0,135,35,1
16,20763117,1,0,86,48,1
16,23055047,1,0,92,54,1
16,26011567,1,0,89,52,1
16,26678722,1,0,89,21,1
16,27377266,1,0,64,53,1
16,28051091,1,0,95,21,1
16,28265502,1,0,65,53,1
16,31281895,1,0,119,55,1
16,31625208,1,0,121,43,1
16,32953257,1,0,121,7,1
16,33062795,1,0,143,10,1
16,33444796,1,0,159,11,1
16,49466168,1,0,113,35,1
16,49631890,1,0,102,7,1
16,50088666,1,0,134,36,1
16,50517180,1,0,89,57,1
16,50764787,1,0,130,19,1
16,50836894,1,0,131,11,1
16,51838180,1,0,106,15,1
16,52382335,1,0,94,55,1
16,52907039,1,0,139,8,1
16,55339814,1,0,131,22,1
16,55605927,1,0,138,36,1
16,55625744,1,0,101,59,1
16,55866287,1,0,128,6,1
16,56508007,1,0,133,33,1
16,57758457,1,0,72,60,1
16,60856719,1,0,87,37,1
16,61821461,1,0,79,5,1
16,62448319,1,0,107,23,1
16,62932034,1,0,128,29,1
16,63598423,1,0,80,57,1
16,64153537,1,0,115,33,1
16,64328602,1,0,137,38,1
16,64800131,1,0,130,24,1
16,64909085,1,0,110,20,1
16,66160899,1,0,63,44,1
16,66248057,1,0,122,66,1
16,67023929,1,0,89,18,1
16,67048226,1,0,63,38,1
16,69641347,1,0,157,28,1
16,70794449,1,0,53,36,1
16,71102672,1,0,95,50,1
16,71909325,1,0,117,29,1
16,72661276,1,0,85,5,1
16,74579386,1,0,101,67,1
16,75247240,1,0,66,54,1
16,75301094,1,0,71,22,1
16,75856101,1,0,103,6,1
16,75997631,1,0,108,32,1
16,77269746,1,0,61,41,1
16,77465754,1,0,116,19,1
16,77676867,1,0,72,14,1
16,78139234,1,0,68,46,1
16,78494441,1,0,102,16,1
16,78928222,1,0,128,27,1
16,79700152,1,0,88,20,1
16,79883149,1,0,65,30,1
16,80644736,1,0,76,47,1
16,81392894,1,0,99,49,1
16,81501032,1,0,145,23,1
16,81958337,1,0,90,40,1
16,82304548,1,0,102,13,1
16,82761835,1,0,108,23,1
16,84181548,1,0,76,33,1
16,84333883,1,0,72,54,1
16,85220716,1,0,92,21,1
16,87739803,1,0,22,5,1
16,88909416,1,0,72,19,1
16,89496128,1,0,31,7,1
16,89659282,1,0,72,40,1
16,89673256,1,0,56,12,1
16,90250263,1,0,85,5,1
16,90279727,1,0,93,5,1
17,132865,1,1,86,41,1
17,1363471,1,1,106,55,1
17,1513910,1,1,96,41,1
17,2019458,1,1,138,52,1
17,2351479,1,1,114,10,1
17,3135767,1,1,68,7,1
17,3589182,1,1,22,5,1
17,3959681,1,1,120,62,1
17,5203064,1,1,29,11,1
17,7968840,1,1,89,41,1
17,8093532,1,1,111,43,1
17,8453394,1,1,120,9,1
17,8812379,1,1,74,34,1
17,10529697,1,1,108,26,1
17,11151260,1,1,83,36,1
17,12253567,1,1,84,44,1
17,14822723,1,1,126,44,1
17,15522733,1,1,162,7,1
17,15522759,1,1,148,15,1
17,15615569,1,1,117,33,1
17,15902852,1,1,75,39,1
17,18418527,1,1,95,7,1
17,20888666,1,1,102,9,1
17,21199162,1,1,123,9,1
17,21382122,1,1,85,26,1
17,21560113,1,1,132,8,1
17,22037996,1,1,113,54,1
17,26473436,1,1,201,9,1
17,28224426,1,1,125,75,1
17,28465117,1,1,166,39,1
17,29657067,1,1,116,58,1
17,30231903,1,1,64,27,1
17,30236365,1,1,98,28,1
17,30792979,1,1,113,57,1
17,31186357,1,1,137,45,1
17,31613166,1,1,105,50,1
17,31854456,1,1,80,43,1
17,32259568,1,1,90,26,1
17,32411004,1,1,190,7,1
17,32469482,1,1,151,28,1
17,32486082,1,1,81,39,1
17,32649500,1,1,147,22,1
17,33066103,1,1,101,22,1
17,33115399,1,1,134,65,1
17,34923132,1,1,135,73,1
17,35215624,1,1,101,54,1
17,35289443,1,1,84,29,1
17,35705888,1,1,89,49,1
17,36206027,1,1,89,45,1
17,36787451,1,1,59,6,1
17,36991025,1,1,94,47,1
17,37649777,1,1,109,35,1
17,37738181,1,1,89,57,1
17,39643257,1,1,114,23,1
17,40517670,1,1,127,10,1
17,42240806,1,1,90,25,1
17,43575228,1,1,85,8,1
17,43861665,1,1,81,51,1
17,43973689,1,1,101,64,1
17,44102298,1,1,85,35,1
17,44117222,1,1,126,20,1
17,44308423,1,1,23,7,1
17,44412777,1,1,26,5,1
17,44753888,1,1,141,7,1
17,44788934,1,1,133,52,1
17,45497838,1,1,117,7,1
17,46178931,1,1,118,55,1
17,46576521,1,1,96,62,1
17,46766411,1,1,144,47,1
17,50618927,1,1,166,70,1
17,50892928,1,1,116,53,1
17,50997734,1,1,118,52,1
17,51707751,1,1,86,56,1
17,52027290,1,1,115,52,1
17,52053960,1,1,101,44,1
17,53104619,1,1,116,25,1
17,54783964,1,1,133,62,1
17,56261358,1,1,79,29,1
17,57485049,1,1,139,10,1
17,59090087,1,1,119,55,1
17,59113311,1,1,115,35,1
17,59386753,1,1,122,33,1
17,59480322,1,1,46,8,1
17,60527916,1,1,119,43,1
17,60711394,1,1,108,58,1
17,61175561,1,1,131,56,1
17,61597980,1,1,86,48,1
17,65057364,1,1,92,14,1
17,65153879,1,1,157,67,1
17,65161932,1,1,132,65,1
17,65668551,1,1,119,18,1
17,65793769,1,1,96,42,1
17,66355786,1,1,96,45,1
17,67000985,1,1,136,7,1
17,67794567,1,1,97,38,1
17,68607156,1,1,169,10,1
17,69855120,1,1,68,41,1
17,70560780,1,1,51,32,1
17,70831985,1,1,63,43,1
17,71031557,1,1,94,54,1
17,71424574,1,1,169,10,1
17,72400257,1,1,95,49,1
17,74624358,1,1,57,6,1
17,74924877,1,1,125,47,1
17,75449471,1,1,78,29,1
17,78164512,1,1,85,40,1
17,78805618,1,1,131,10,1
17,78805619,1,1,135,9,1
17,80028028,1,1,116,58,1
18,1514138,1,1,87,43,1
18,5611665,1,1,104,37,1
18,7400906,1,1,68,8,1
18,7400929,1,1,77,7,1
18,10459745,1,1,126,47,1
18,11919712,1,1,154,8,1
18,11920406,1,1,140,10,1
18,12205799,1,1,81,6,1
18,12709279,1,1,104,39,1
18,13710545,1,1,101,44,1
18,14431724,1,1,211,12,1
18,14446929,1,1,136,7,1
18,14446951,1,1,139,8,1
18,15098267,1,1,171,7,1
18,15196681,1,1,153,8,1
18,19066042,1,1,106,43,1
18,19627159,1,1,120,46,1
18,19631552,1,1,104,51,1
18,19647182,1,1,102,7,1
18,20856138,1,1,72,40,1
18,20994303,1,1,85,6,1
18,22789577,1,1,112,78,1
18,23375673,1,1,105,62,1
18,23944002,1,1,188,28,1
18,25541028,1,1,107,57,1
18,25549869,1,1,117,52,1
18,25901614,1,1,150,61,1
18,26226204,1,1,151,83,1
18,26481551,1,1,141,74,1
18,26651336,1,1,128,60,1
18,26830846,1,1,116,32,1
18,27132922,1,1,145,7,1
18,27176133,1,1,10,3,1
18,27236423,1,1,119,75,1
18,27244743,1,1,117,63,1
18,28928818,1,1,157,8,1
18,28929252,1,1,133,8,1
18,30166373,1,1,161,14,1
18,30639536,1,1,85,48,1
18,30914907,1,1,117,65,1
18,31146342,1,1,89,35,1
18,31229076,1,1,113,24,1
18,32137853,1,1,89,45,1
18,33177698,1,1,75,42,1
18,35862652,1,1,122,11,1
18,36307692,1,1,94,47,1
18,36596389,1,1,107,58,1
18,37249403,1,1,100,49,1
18,37284682,1,1,104,40,1
18,37971988,1,1,125,52,1
18,38315057,1,1,148,24,1
18,38686777,1,1,138,56,1
18,38818888,1,1,129,60,1
18,39590300,1,1,93,41,1
18,39744850,1,1,112,28,1
18,39804627,1,1,92,48,1
18,39911745,1,1,100,37,1
18,40211122,1,1,174,15,1
18,41140309,1,1,93,37,1
18,42682272,1,1,144,58,1
18,48087147,1,1,100,42,1
18,48533657,1,1,70,42,1
18,48942523,1,1,89,38,1
18,48976135,1,1,90,26,1
18,49836279,1,1,153,10,1
18,49927928,1,1,132,62,1
18,50204512,1,1,90,34,1
18,53322011,1,1,131,54,1
18,53657028,1,1,150,73,1
18,54640496,1,1,109,73,1
18,56878190,1,1,148,40,1
18,57146710,1,1,112,53,1
18,57876340,1,1,130,44,1
18,58594592,1,1,129,58,1
18,59400263,1,1,85,18,1
18,59520680,1,1,95,55,1
18,59623431,1,1,117,47,1
18,61031237,1,1,79,45,1
18,61064952,1,1,157,58,1
18,61115264,1,1,54,23,1
18,62221442,1,1,99,40,1
18,62322827,1,1,163,36,1
18,62846000,1,1,158,13,1
18,62903968,1,1,95,42,1
18,63594418,1,1,91,51,1
18,65116094,1,1,109,48,1
18,65304014,1,1,78,33,1
18,67280815,1,1,156,59,1
18,68955551,1,1,91,43,1
18,69928958,1,1,129,72,1
18,70027635,1,1,101,45,1
18,70219735,1,1,132,42,1
18,70275933,1,1,108,53,1
18,72952088,1,1,114,56,1
18,73409549,1,1,126,50,1
18,73582989,1,1,186,10,1
18,74362744,1,1,107,47,1
18,74741290,1,1,51,5,1
18,74823315,1,1,98,60,1
18,75381176,1,1,46,11,1
18,75618870,1,1,133,24,1
18,75964561,1,1,142,16,1
18,75989508,1,1,3,4,1
18,76035773,1,1,57,12,1
18,76511190,1,1,99,41,1
18,77808123,1,1,109,53,1
19,851046,1,1,140,19,1
19,2241336,1,1,150,19,1
19,2581545,1,1,135,21,1
19,3292401,1,1,101,54,1
19,3988779,1,1,143,22,1
19,4097849,1,1,99,9,1
19,4786502,1,1,84,21,1
19,6355864,1,1,96,10,1
19,6671562,1,1,164,17,1
19,7034539,1,1,134,6,1
19,7255353,1,1,85,51,1
19,7550052,1,1,165,13,1
19,8218711,1,1,98,37,1
19,8743369,1,1,104,11,1
19,8890788,1,1,60,5,1
19,8985995,1,1,126,72,1
19,10091280,1,1,127,8,1
19,10745089,1,1,108,43,1
19,13196108,1,1,145,21,1
19,14015398,1,1,127,20,1
19,14508261,1,1,81,30,1
19,14947848,1,1,124,63,1
19,15697627,1,1,236,17,1
19,19629759,1,1,121,51,1
19,20146065,1,1,151,67,1
19,20683434,1,1,102,47,1
19,20943129,1,1,145,86,1
19,21222386,1,1,92,46,1
19,21356633,1,1,177,98,1
19,21444648,1,1,43,9,1
19,21792409,1,1,69,45,1
19,21917002,1,1,132,15,1
19,22401612,1,1,144,71,1
19,22486573,1,1,139,70,1
19,22737603,1,1,107,64,1
19,22909401,1,1,114,67,1
19,22956042,1,1,114,68,1
19,22990357,1,1,122,52,1
19,23054308,1,1,119,31,1
19,23232538,1,1,113,57,1
19,23319337,1,1,161,87,1
19,23400391,1,1,154,70,1
19,24144464,1,1,120,59,1
19,29181611,1,1,118,60,1
19,29721712,1,1,129,7,1
19,31335151,1,1,94,67,1
19,34397268,1,1,159,26,1
19,35348370,1,1,109,79,1
19,36593236,1,1,98,47,1
19,37344363,1,1,122,68,1
19,37624499,1,1,132,84,1
19,38553913,1,1,88,34,1
19,39130003,1,1,132,58,1
19,39164889,1,1,108,57,1
19,40042513,1,1,118,42,1
19,41099852,1,1,91,56,1
19,41678669,1,1,126,67,1
19,42477013,1,1,53,7,1
19,43687126,1,1,143,14,1
19,43888909,1,1,178,8,1
19,44225776,1,1,175,21,1
19,44484338,1,1,237,9,1
19,45768495,1,1,74,54,1
19,46024625,1,1,123,64,1
19,46392343,1,1,156,67,1
19,47050822,1,1,111,59,1
19,47221098,1,1,103,70,1
19,49543891,1,1,117,8,1
19,50010468,1,1,98,45,1
19,50749390,1,1,79,6,1
19,51395984,1,1,114,62,1
19,52395987,1,1,137,54,1
19,52995755,1,1,77,54,1
19,53080715,1,1,148,20,1
19,53465985,1,1,131,64,1
19,53650418,1,1,118,68,1
19,54861432,1,1,5,7,1
19,56361108,1,1,150,83,1
19,57328446,1,1,97,64,1
19,57422133,1,1,169,8,1
20,368625,1,1,119,37,1
20,507526,1,1,108,15,1
20,511338,1,1,103,42,1
20,1716270,1,1,77,36,1
20,2650803,1,1,111,63,1
20,3705136,1,1,78,10,1
20,3705137,1,1,83,10,1
20,4008977,1,1,15,12,1
20,4012803,1,1,29,4,1
20,4014298,1,1,53,5,1
20,4306150,1,1,106,53,1
20,5839127,1,1,106,70,1
20,6480170,1,1,99,54,1
20,6918170,1,1,127,62,1
20,9056880,1,1,77,42,1
20,9087109,1,1,126,59,1
20,9215106,1,1,98,43,1
20,9617654,1,1,128,68,1
20,11914533,1,1,120,47,1
20,12174713,1,1,121,65,1
20,12342696,1,1,142,7,1
20,12395456,1,1,111,54,1
20,12425285,1,1,77,8,1
20,13340772,1,1,130,7,1
20,13474003,1,1,85,57,1
20,14768110,1,1,104,39,1
20,16221805,1,1,148,11,1
20,18649382,1,1,106,39,1
20,19465981,1,1,142,26,1
20,19716263,1,1,85,42,1
20,20249794,1,1,76,6,1
20,20531913,1,1,184,34,1
20,21502729,1,1,98,38,1
20,21502960,1,1,130,48,1
20,23422126,1,1,99,52,1
20,23541772,1,1,40,8,1
20,25499743,1,1,83,25,1
20,25842220,1,1,85,46,1
20,29434267,1,1,143,8,1
20,30033922,1,1,110,53,1
20,30740102,1,1,89,29,1
20,32106397,1,1,91,36,1
20,32757789,1,1,105,57,1
20,32845875,1,1,110,69,1
20,34031158,1,1,77,40,1
20,35881153,1,1,94,38,1
20,37114022,1,1,119,65,1
20,37882691,1,1,78,16,1
20,38369650,1,1,100,8,1
20,38707284,1,1,138,57,1
20,40006179,1,1,46,9,1
20,40164194,1,1,111,53,1
20,40622632,1,1,163,30,1
20,41522524,1,1,126,23,1
20,41600375,1,1,129,76,1
20,41817309,1,1,78,33,1
20,41927813,1,1,90,37,1
20,42182443,1,1,113,53,1
20,42200710,1,1,92,40,1
20,42340218,1,1,59,52,1
20,47019719,1,1,57,10,1
20,48048000,1,1,111,72,1
20,48672789,1,1,121,20,1
20,48976915,1,1,95,50,1
20,49988764,1,1,79,40,1
20,51464375,1,1,101,53,1
20,51498906,1,1,159,83,1
20,51687363,1,1,145,53,1
20,52073051,1,1,172,9,1
20,52189913,1,1,131,27,1
20,53504161,1,1,140,64,1
20,53530468,1,1,118,55,1
20,53691637,1,1,84,6,1
20,53783278,1,1,119,56,1
20,53826268,1,1,169,64,1
20,55201658,1,1,141,15,1
20,56167795,1,1,77,32,1
20,58938688,1,1,67,33,1
20,59055978,1,1,102,38,1
20,59596706,1,1,113,50,1
20,61944190,1,1,97,42,1
20,62013265,1,1,116,38,1
20,62354656,1,1,66,16,1
20,62607144,1,1,102,46,1
20,62952865,1,1,83,5,1
21,9422087,1,1,79,6,1
21,9935235,1,1,39,7,1
21,9947574,1,1,19,4,1
21,9973587,1,1,142,52,1
21,10189334,1,1,218,17,1
21,14389303,1,1,200,93,1
21,14583916,1,1,132,7,1
21,15641004,1,1,156,96,1
21,17464072,1,1,116,55,1
21,18343422,1,1,305,112,1
21,20103688,1,1,143,54,1
21,20420245,1,1,134,48,1
21,20878978,1,1,150,66,1
21,21207991,1,1,136,58,1
21,22187839,1,1,142,30,1
21,25106762,1,1,115,42,1
21,26083085,1,1,134,52,1
21,26282339,1,1,115,51,1
21,27233462,1,1,106,50,1
21,27584818,1,1,98,39,1
21,28737510,1,1,94,39,1
21,31060916,1,1,133,55,1
21,31538406,1,1,137,33,1
21,32195576,1,1,68,43,1
21,32863533,1,1,96,9,1
21,33303719,1,1,82,36,1
21,33531870,1,1,130,52,1
21,34014371,1,1,136,64,1
21,34230342,1,1,85,43,1
21,34348877,1,1,119,7,1
21,34935336,1,1,151,71,1
21,35867638,1,1,133,75,1
21,36683371,1,1,123,49,1
21,36994487,1,1,67,11,1
21,38058399,1,1,36,7,1
21,38071162,1,1,138,25,1
21,38905419,1,1,152,11,1
21,40200930,1,1,160,7,1
21,40201001,1,1,162,7,1
21,40201071,1,1,135,6,1
21,41778032,1,1,121,49,1
21,41792266,1,1,124,63,1
21,42054555,1,1,29,5,1
21,42135016,1,1,136,45,1
21,43030209,1,1,97,55,1
21,43210493,1,1,74,35,1
21,43432893,1,1,102,34,1
21,46328313,1,1,128,26,1
21,47194828,1,1,192,35,1
21,47279572,1,1,86,62,1
22,16085344,1,1,53,9,1
22,16696362,1,1,95,5,1
22,17383404,1,1,208,11,1
22,18734884,1,1,117,6,1
22,18851959,1,1,118,8,1
22,18946891,1,1,147,8,1
22,20305693,1,1,171,34,1
22,20323511,1,1,223,12,1
22,20431340,1,1,46,16,1
22,21048628,1,1,159,16,1
22,21064776,1,1,171,12,1
22,21314804,1,1,139,26,1
22,21531776,1,1,238,9,1
22,21578762,1,1,139,19,1
22,21767484,1,1,136,61,1
22,22620837,1,1,184,9,1
22,23347026,1,1,179,90,1
22,23432660,1,1,86,56,1
22,23603463,1,1,116,63,1
22,23682871,1,1,180,9,1
22,23789976,1,1,102,58,1
22,23794427,1,1,76,42,1
22,23997314,1,1,162,20,1
22,24786851,1,1,51,9,1
22,25359831,1,1,144,26,1
22,25397208,1,1,202,17,1
22,25448133,1,1,65,33,1
22,27075444,1,1,91,14,1
22,27168516,1,1,35,5,1
22,27168916,1,1,156,11,1
22,27292611,1,1,121,58,1
22,27508454,1,1,117,61,1
22,28682523,1,1,143,93,1
22,29096251,1,1,121,50,1
22,29322705,1,1,106,48,1
22,29972905,1,1,122,49,1
22,30253632,1,1,206,8,1
22,31318865,1,1,125,61,1
22,31989574,1,1,110,7,1
22,32694616,1,1,180,9,1
22,33840019,1,1,147,71,1
22,34400592,1,1,113,61,1
22,34682848,1,1,98,59,1
22,34710862,1,1,145,72,1
22,34803958,1,1,134,62,1
22,35074357,1,1,109,8,1
22,35584266,1,1,162,86,1
22,35746157,1,1,85,46,1
22,37196293,1,1,52,8,1
22,37479739,1,1,81,62,1
22,38638896,1,1,168,15,1
22,39914307,1,1,124,61,1
22,41375882,1,1,159,37,1
22,41488925,1,1,149,83,1
22,46802467,1,1,68,35,1
22,47470237,1,1,121,71,1
22,47538945,1,1,82,38,1
22,48381824,1,1,262,11,1
22,49202375,1,1,103,54,1
22,50837916,1,1,134,79,1
22,50872081,1,1,72,13,1
